Y_true,Y_pred
8,8.274761
14,10.764055
7,10.717618
15,8.635523
16,11.228484
6,9.6117325
12,11.419625
8,9.6117325
2,11.219276
5,10.966518
21,12.268531
6,11.760614
4,13.550018
4,10.996327
19,11.802845
17,10.9628725
3,10.954538
9,11.813946
6,9.491401
2,10.160597
11,10.305041
10,10.965368
19,11.010882
3,9.308631
8,10.519013
15,11.424531
14,11.651156
10,9.516364
5,9.259125
10,11.414183
16,10.687966
14,10.958848
5,9.491401
10,12.924614
6,10.9628725
19,11.681933
12,9.638598
4,10.716271
3,11.694144
9,10.089826
11,10.946825
12,9.308631
18,14.747134
11,11.749681
9,10.170624
25,8.840021
4,8.579641
9,9.181005
9,11.793122
10,8.297353
4,9.990008
7,11.4126215
6,11.287887
3,11.793122
7,8.260107
22,11.760614
14,11.161483
12,9.838294
2,11.793122
7,10.218714
12,9.058905
9,10.5584345
8,11.414183
7,10.138329
6,10.520361
5,8.974203
4,9.5471115
8,7.0476866
4,9.491956
4,8.554093
18,12.941584
15,11.654964
5,11.0222645
14,11.802845
11,13.380194
16,11.551002
1,10.927689
8,11.79693
15,11.55719
7,8.88382
9,9.4002905
15,12.461831
10,10.994435
6,10.766029
4,11.222983
9,9.452303
8,8.618605
14,8.383195
13,12.341625
7,10.169725
8,10.755764
5,11.496038
1,9.89371
14,11.749681
6,11.076964
11,10.910509
24,11.450808
14,9.179571
9,11.123773
0,8.556427
16,10.475251
3,10.465445
9,11.749681
9,10.014395
5,10.281062
5,11.61895
22,11.654964
16,15.35635
10,8.511891
18,10.910509
19,14.894424
4,10.910509
8,11.06412
8,11.321394
1,11.749681
5,9.491401
29,11.870779
1,11.410189
7,11.083575
58,10.766647
9,14.758067
6,10.710693
15,11.793122
12,10.203333
2,10.102753
4,9.9635
12,11.072642
5,10.280474
6,10.910509
4,13.6929455
18,14.409064
10,10.5584345
18,10.9628725
7,11.161483
20,11.461139
17,11.455692
13,10.381095
6,10.813896
3,10.031302
12,9.36347
16,10.748036
8,11.651156
4,11.697952
3,9.42152
16,10.764055
5,9.494407
15,12.996786
7,13.8653755
22,12.2781515
12,12.268531
1,11.450999
10,10.7558155
10,11.740147
4,12.392683
13,10.958848
10,9.866791
6,11.086812
13,12.26228
13,11.125167
7,10.766647
12,10.779778
5,10.203333
14,15.139603
2,10.370409
5,8.813774
15,13.11379
16,10.9628725
11,10.764055
8,12.216388
10,11.424531
2,10.841396
13,9.305259
9,6.57134
21,10.748036
10,10.280474
4,13.318434
8,11.324941
6,9.425088
12,10.093062
9,10.344779
8,9.516364
13,12.38175
6,11.207016
12,11.793122
0,6.3995657
8,9.568747
8,10.779778
19,11.760614
6,11.568123
18,14.449188
4,10.047045
23,11.074758
1,10.651319
21,11.072642
12,11.019517
2,9.699059
8,11.228484
12,10.140824
8,9.338719
4,9.622129
34,10.66265
11,10.305041
5,10.355725
4,11.072262
16,11.698854
22,14.942015
6,12.006224
14,11.73815
10,14.942015
12,10.089826
27,12.584328
6,9.974433
11,9.189763
6,9.2347355
5,9.075755
4,10.96156
2,11.215899
10,13.374926
8,11.015204
9,9.800214
14,11.760614
12,11.698854
7,10.892561
11,11.793122
12,11.760614
9,12.372913
5,11.349722
13,11.61895
11,11.793122
36,11.019996
10,11.694144
11,14.446001
18,12.399728
18,11.558286
20,11.6710005
2,11.749681
0,10.310468
12,12.936823
8,10.765767
12,11.694144
1,11.793122
10,11.694144
8,10.138329
10,10.892561
15,10.05026
4,9.264669
16,10.748036
12,8.52194
14,10.615612
11,10.764055
0,9.264904
10,11.228484
1,7.193582
10,7.959623
15,11.749681
8,11.681933
10,11.946909
17,11.694144
4,9.193099
4,9.568747
7,10.714918
2,10.233191
13,11.125167
6,11.396528
10,11.651156
8,8.26561
11,11.086812
18,14.956184
8,8.897613
5,10.748036
10,9.511791
1,10.265703
6,11.461139
12,8.711178
14,8.850377
8,11.6710005
9,11.760614
15,9.851946
4,11.439025
14,10.745228
4,11.959615
14,10.2263365
4,11.387815
29,11.326552
19,12.39592
52,15.207261
7,9.636814
4,11.025052
7,10.712833
10,6.029237
30,11.229796
15,11.588341
9,9.861602
19,11.464947
4,10.549341
14,11.826362
4,9.972564
30,11.506235
5,9.4848795
4,9.324034
13,11.423554
2,11.428339
12,13.522755
6,10.910509
26,11.733143
26,12.52562
19,13.22791
3,12.392683
8,9.303865
10,9.761484
7,11.79693
4,9.37764
3,8.685025
17,11.424531
3,9.1515255
11,11.874826
18,14.645886
7,11.593638
1,10.073466
13,11.793122
16,15.216882
7,11.681933
14,10.219227
11,11.232292
9,11.373954
5,11.295273
8,11.019517
10,11.681933
15,12.208588
9,9.386591
5,10.329621
8,9.383419
8,12.462931
5,11.749681
17,11.731362
14,12.384845
9,9.491956
6,10.515155
11,11.424531
8,10.569367
24,11.73517
3,9.43732
16,14.952948
10,9.941249
20,10.476027
4,10.05026
2,9.772719
5,11.086812
5,10.859722
18,9.231529
7,7.7446456
12,10.966518
4,11.332031
21,11.793122
16,10.116775
10,11.793122
8,10.138329
5,14.870644
13,9.677928
15,11.086812
37,11.793122
6,9.4287
13,10.910509
17,10.766647
13,11.651156
13,9.629376
10,11.651156
13,11.694144
2,10.349867
9,10.7558155
13,9.380288
14,10.946825
3,9.977387
8,11.025052
9,8.840021
18,7.68476
4,13.003831
8,10.96156
0,7.1293035
7,10.859722
11,11.793122
12,10.804859
4,11.403834
3,11.760614
18,10.748036
12,9.673266
6,10.779778
6,10.507607
13,10.810088
32,14.908561
13,10.902555
10,9.136146
19,11.793122
11,11.02476
11,10.51037
12,10.716271
4,9.37764
15,10.773074
7,11.559383
19,9.516364
13,10.966518
21,11.025052
8,10.138329
17,11.176215
7,10.910509
15,11.837146
2,10.486184
12,10.475251
5,9.252423
7,11.745354
5,10.526606
13,11.80989
14,11.086812
7,10.475251
6,10.7697935
7,10.748036
10,12.822517
11,9.730851
14,10.509588
22,11.6710005
8,10.790374
14,11.250051
8,13.40037
14,10.96156
14,10.569367
17,13.8653755
12,9.869389
22,11.816811
14,11.321394
6,9.870694
6,11.001709
16,11.4126215
5,7.7052975
16,10.140824
22,10.22088
17,11.076964
8,10.39227
4,11.4126215
16,11.749681
25,11.125167
2,11.108072
9,12.2781515
3,8.682602
10,10.687966
3,11.731362
18,9.34711
0,10.023076
11,9.9635
6,11.793122
13,10.717747
7,11.749681
13,13.8653755
9,10.764055
18,11.79693
4,10.942396
16,8.740603
0,8.986128
18,10.748036
5,9.85949
17,14.217027
4,12.39592
12,11.387815
5,11.793122
7,13.983289
12,11.694144
6,7.54614
16,14.870644
2,9.231012
8,11.654964
9,8.7692995
14,7.6090803
15,12.92711
2,10.140824
72,11.061155
15,11.793122
3,11.79693
12,11.34851
26,11.462451
7,10.386829
4,10.476027
32,11.793122
8,10.846371
11,10.96156
19,11.697952
26,10.793616
13,11.801849
4,10.138329
21,10.549341
13,10.748036
14,11.731362
10,11.161483
8,10.910509
24,8.983501
12,8.554093
7,10.965368
7,9.972564
8,11.083575
8,10.280474
5,10.341742
30,10.51037
22,10.766029
13,8.590725
16,11.793122
5,9.721191
20,10.77758
10,8.554093
6,10.786592
17,11.6710005
20,10.994435
15,15.35635
10,8.7732525
1,9.180445
20,9.636814
16,10.219227
4,10.01364
13,11.161483
7,12.808445
7,9.444844
11,9.4409685
4,10.349867
3,10.766647
12,11.086812
7,10.099838
44,14.956184
4,10.804859
6,10.910509
5,10.910509
5,9.213285
3,10.782748
25,12.146203
2,9.552491
5,10.910509
20,14.798344
18,12.553595
17,10.958236
18,11.601893
18,11.423554
3,9.796637
5,9.37764
15,11.681933
8,14.956184
15,11.749681
16,10.779778
9,9.292798
8,11.78552
4,5.0230746
5,11.651156
0,9.338719
9,11.076964
11,10.116098
3,11.793122
17,11.843472
13,10.748036
7,11.023804
15,11.749681
7,11.651156
12,9.61849
18,8.357782
4,9.054717
7,11.125167
1,11.760614
8,11.700654
24,11.461139
7,10.804859
10,7.98003
22,10.569367
22,11.61895
7,10.773074
6,11.228484
7,9.138148
17,11.793122
24,11.749681
21,11.843472
12,11.749681
6,7.7015367
11,11.79693
6,10.779778
14,12.822517
6,10.305041
8,11.752705
7,11.731362
10,10.551837
15,14.838136
2,11.669258
8,11.61895
16,9.019634
7,11.61895
16,11.793122
9,11.4126215
3,10.66273
7,10.748036
8,9.9635
5,10.140824
24,8.771353
2,10.386745
2,10.280474
20,10.243281
12,9.638598
4,9.383419
42,9.345186
7,10.140824
10,10.910509
9,10.280474
8,9.436837
7,11.450808
2,9.949123
14,10.170862
3,10.9628725
8,11.72221
17,10.293965
18,9.9635
21,11.419625
1,8.184641
20,11.4126215
8,11.2188635
24,10.748036
4,11.749681
1,10.342822
9,11.2188635
14,11.558286
5,11.843472
6,10.159116
24,10.910509
13,11.80989
6,11.731362
12,10.258804
6,11.333703
7,10.810088
13,9.9635
8,10.533784
14,9.897306
7,11.015204
21,14.942015
4,8.764633
5,11.548732
8,9.249154
6,13.058546
2,10.549341
27,10.913312
44,10.966518
4,7.051141
7,12.196284
8,10.066278
7,12.611659
15,11.424531
10,10.149653
3,10.991387
18,11.793122
4,8.386665
0,11.749681
4,11.424531
12,9.42152
41,8.552088
25,13.760728
13,10.59053
5,11.424531
5,10.95194
14,14.898542
23,11.61895
8,10.486184
36,11.629883
12,9.750592
6,11.082641
13,14.959992
6,11.760614
8,9.4002905
5,12.038788
14,11.687922
17,8.820819
3,8.462269
6,10.910509
18,11.228484
4,11.760614
11,10.015447
3,10.419168
7,12.620521
11,11.654136
17,10.743099
26,9.259125
11,13.676852
33,14.747134
13,10.073466
7,11.133689
15,11.749681
4,10.9628725
13,10.931553
15,11.793122
8,11.086812
23,12.39592
11,10.316905
5,11.086812
10,10.994435
17,10.743099
7,13.003831
2,9.50224
45,11.197936
3,11.120179
10,11.215899
15,10.966518
18,10.089826
7,9.399193
13,10.009832
19,11.749681
17,10.766647
8,8.551892
15,11.019996
13,11.072642
40,10.073466
10,11.589396
12,11.651156
11,11.629883
22,9.292612
13,10.773074
14,11.02886
18,10.748036
1,11.749681
20,11.793122
12,10.305041
11,10.078893
4,7.959623
3,11.086812
3,10.994435
16,15.126174
6,10.173486
22,11.428339
15,11.731362
14,10.280351
4,9.766112
12,11.651156
12,10.085002
6,11.526459
9,11.083575
20,12.372739
2,10.711587
17,10.748036
8,10.454963
17,10.140824
11,11.086812
25,11.428339
11,11.73517
4,8.751684
12,11.760614
6,10.39227
10,11.025052
8,11.250219
22,10.011706
22,11.681933
25,12.279464
38,9.335566
24,11.79693
11,10.219227
2,12.33416
13,15.218194
7,10.96156
16,10.815265
11,10.140824
26,11.125167
3,8.920321
19,11.61895
12,12.498484
4,10.203333
25,12.39592
7,10.195546
4,11.687922
14,10.748328
7,11.651156
10,10.130252
17,12.39592
20,9.010113
5,9.721521
1,10.0878935
18,9.912673
1,9.568747
12,10.946825
13,9.554498
8,10.53321
13,11.793122
4,9.885924
14,9.408717
8,8.272515
11,12.245391
2,8.826526
10,11.793122
28,8.912137
5,10.486184
9,11.75064
10,10.515155
19,10.138329
5,10.926395
7,12.279464
2,12.74143
3,10.054214
5,9.292612
13,9.259125
7,10.138329
4,10.942396
1,10.876982
6,11.086812
5,9.780771
3,10.659714
6,8.262798
9,11.752705
7,11.125167
3,10.0909815
23,9.416615
18,7.959623
7,11.286366
6,11.424531
11,10.764055
9,10.9505
4,11.023804
14,11.428339
6,10.9628725
9,14.756755
3,9.772719
7,11.072642
11,10.804859
26,14.576086
10,10.089826
8,9.851946
3,12.38175
5,10.569367
16,11.749681
9,11.684595
15,10.515155
12,9.710014
4,7.085829
18,11.015204
1,7.7638497
8,11.428339
18,9.796791
22,15.126174
6,11.5932045
10,9.930289
3,10.5584345
6,11.800812
5,11.424531
2,11.654964
18,9.643562
23,10.3249855
3,9.764606
3,11.072642
8,10.990083
4,8.888142
4,11.793122
15,10.219227
14,11.749681
5,10.748036
17,8.941308
7,9.529138
5,10.659714
8,11.635403
6,10.073466
13,15.435554
4,11.73517
11,11.793122
5,11.09062
16,12.39592
10,11.694144
9,11.125167
16,9.259125
15,9.900296
5,8.778261
24,10.766647
9,10.764055
7,10.264405
12,10.549341
20,10.305041
12,11.428339
9,11.681479
9,15.135795
3,9.179571
7,9.468912
7,10.870655
9,10.349867
16,11.793122
3,9.355823
24,12.924614
12,11.61895
3,9.8422365
5,9.549973
8,11.539106
6,10.910509
23,10.910509
3,13.03815
16,12.161988
7,10.301225
8,11.793122
8,9.233823
7,10.138329
5,11.265722
5,12.924614
16,11.594182
17,12.764307
3,10.166046
12,9.901452
13,14.133327
23,11.428339
7,10.186276
5,10.9628725
12,11.621143
13,11.891679
7,12.337968
20,11.083575
3,11.019996
3,10.080538
26,12.425791
4,10.24353
8,8.230506
5,9.342325
7,10.403203
20,10.810088
21,11.086812
3,10.272457
9,10.958848
11,9.500321
6,14.827203
12,11.749681
18,11.694079
15,11.793122
13,11.731362
5,9.636814
6,12.682281
6,10.748036
13,11.423554
8,12.696754
10,12.38175
8,7.8990283
10,13.085796
10,10.123844
22,11.589396
5,11.642747
5,10.224426
10,10.779778
4,9.379284
13,14.942015
15,11.086812
7,11.072642
6,8.826526
11,11.731362
21,9.410866
7,12.579957
12,11.793122
8,15.603291
2,10.946825
0,11.793122
22,11.568123
8,10.748036
4,8.691344
22,11.6710005
26,15.297931
24,10.9505
5,11.086812
25,11.494326
6,9.027421
11,11.154346
20,11.072642
20,10.3537035
9,11.019996
6,11.800812
8,11.050999
6,9.455085
9,10.910509
12,11.332313
12,11.6710005
7,9.524614
5,10.848749
20,10.712833
18,10.764055
6,11.181462
5,11.731362
9,11.749681
17,13.2312975
4,10.476027
4,9.483474
10,11.5932045
15,10.203333
9,15.207261
10,14.637846
2,10.766647
18,10.2597065
18,11.694144
13,11.749681
9,9.292612
9,9.460953
8,11.793122
6,10.827251
18,11.025052
13,10.748036
9,10.95194
14,9.484169
24,11.698854
8,10.910509
7,11.451518
42,10.910509
11,15.24728
3,10.958848
16,11.793122
6,10.804859
10,10.851257
19,10.687966
3,11.080772
4,11.749681
10,10.569367
17,10.958848
28,11.161483
8,11.731362
12,9.492874
1,7.8705406
23,11.6710005
3,9.172572
17,10.203333
4,11.228484
14,10.902947
6,11.731362
15,10.745228
7,9.849227
3,14.942015
19,11.793122
4,11.760614
12,9.259125
3,9.60261
1,11.015204
5,8.297353
39,13.368204
5,10.068263
13,8.288216
11,10.9239
10,11.80989
36,14.576086
7,15.139603
14,10.714918
18,10.958848
5,10.51037
14,11.063407
11,11.749681
5,11.793122
3,10.59053
11,12.594029
5,10.559924
14,9.460953
19,10.975458
6,11.67008
5,9.357262
7,11.697952
12,11.681933
23,14.747134
10,11.793122
7,11.731362
9,11.558286
5,9.231529
4,10.766029
31,14.894424
2,10.848749
5,15.6630335
11,11.379269
11,9.9156275
18,11.053211
23,11.654964
4,10.975458
10,8.181149
6,8.288216
14,8.91869
22,9.385956
16,14.089886
7,11.125167
17,11.3990555
6,11.277659
8,11.414183
3,8.980283
11,11.4126215
12,12.071141
18,11.489444
23,12.74143
9,12.74143
13,9.292612
7,7.7808695
8,11.250051
16,11.025052
15,10.717618
7,9.411223
5,9.308631
10,11.629883
9,11.55719
6,14.131297
5,7.727179
15,11.228484
7,9.444844
14,11.6710005
6,11.802845
7,11.072642
7,11.789359
15,10.655906
14,10.810088
2,11.694144
12,10.305041
8,11.086812
21,14.094321
10,11.793122
4,11.387815
8,9.610395
9,8.586686
11,10.044088
5,8.861834
13,11.793122
14,10.243281
9,10.272687
27,13.423791
4,9.451561
16,12.63884
15,12.957658
12,14.942015
15,10.793616
2,11.4126215
4,9.412998
8,10.299128
4,11.697952
28,14.956184
17,13.019418
20,13.507864
11,11.749681
16,11.09062
13,10.96156
12,11.252578
15,13.192379
4,9.747819
10,10.549478
9,10.51037
5,9.761484
4,10.425555
7,14.942015
21,11.802845
15,11.4126215
1,15.218194
10,10.910509
9,10.958848
2,7.924286
12,8.722692
18,12.39189
5,11.4126215
5,11.749681
17,10.549341
4,10.138329
5,11.61895
4,10.093062
4,10.357831
12,11.075933
10,11.749681
3,9.259125
1,11.076964
2,10.249209
13,11.793122
5,11.453899
1,9.796791
4,9.807629
8,11.793122
13,14.071567
2,10.13267
16,10.748036
4,10.9628725
10,10.549341
1,10.994435
8,10.038895
12,10.891792
11,14.747134
9,13.962885
6,11.427874
15,12.313825
3,11.6710005
7,10.965368
7,10.355725
3,8.117872
10,9.560961
7,9.949123
31,11.088677
9,11.574982
3,9.570861
12,9.945314
4,9.221552
7,9.987657
20,14.071567
7,9.138148
9,10.838494
19,11.589396
5,10.050785
6,10.486184
32,9.835144
12,9.9635
12,10.92833
18,10.549341
11,8.117872
6,9.941044
2,8.858858
7,11.168516
23,11.6710005
3,10.355725
10,14.572571
7,10.009336
18,9.949123
17,10.849695
11,10.491856
3,7.295216
12,10.958236
15,11.424531
28,8.850377
1,10.77758
2,8.356127
11,10.206323
22,11.4126215
11,10.71582
25,13.674356
9,9.343972
14,11.424531
9,9.977387
4,9.492874
7,11.337555
8,11.681933
9,11.733143
25,12.563215
16,11.6710005
10,10.95194
18,14.758067
8,11.793122
4,10.179365
18,11.154346
20,11.250051
1,11.106655
11,10.515155
18,11.098156
26,10.141786
9,10.766029
3,14.219522
5,10.793536
24,11.793122
9,11.793122
6,11.749681
15,11.161483
6,9.522699
21,8.724165
8,11.086812
5,10.551837
8,11.019996
12,10.748036
10,11.019996
3,10.804859
14,8.012903
10,12.92711
19,14.760563
5,11.651156
13,10.766647
21,10.093062
19,11.6710005
18,13.100656
15,12.38175
8,14.419277
10,15.275156
4,9.554498
23,11.61895
9,10.280474
3,11.79693
13,11.749681
9,10.073466
2,7.426591
13,10.957757
1,11.236477
7,11.431276
20,11.749681
11,10.179365
12,11.414183
9,11.733143
6,7.856191
19,12.491636
17,12.39592
14,10.239369
2,10.149653
5,8.827227
4,13.419583
18,9.455085
12,11.125167
50,7.9338837
12,11.099723
23,11.802845
9,11.4126215
14,11.021815
3,7.6711197
5,11.181462
20,11.694144
9,11.428339
8,10.71582
5,9.507044
15,11.609468
4,8.323769
2,9.483474
8,10.718286
12,11.461139
12,12.000986
25,15.236171
18,11.424531
12,10.96156
10,10.797521
6,10.044088
7,10.124209
14,14.101366
20,11.793122
12,11.731362
1,14.959992
12,8.272515
11,11.749681
12,11.086812
9,11.61895
14,10.179365
7,11.086812
11,10.96156
13,11.793122
17,10.203593
9,10.549341
7,11.072642
7,10.745228
22,11.424531
9,11.30871
6,8.638019
13,12.39592
13,10.073466
24,10.05026
19,11.766659
6,11.766659
22,10.459258
4,9.707978
22,11.793122
10,11.793122
4,11.629883
8,11.731362
3,10.698899
6,14.894424
5,10.023498
4,11.681933
9,10.2597065
32,12.827361
8,11.424531
12,11.793122
8,10.749619
4,8.287588
14,11.752705
10,9.248728
9,9.503809
3,10.748036
17,12.38175
16,15.29459
8,12.208588
5,10.551837
28,11.760614
7,10.723027
14,11.749681
9,10.764055
6,11.2188635
5,13.300976
5,8.902281
8,10.946825
7,11.125167
3,9.430333
3,10.253186
1,11.8130665
15,9.857687
9,11.072642
18,11.775848
8,10.342822
5,10.766647
2,9.103383
22,11.123773
9,10.748036
10,12.620521
8,9.838294
7,11.49576
16,11.168516
2,10.212508
12,8.711178
30,12.587726
25,9.915707
1,10.233191
9,10.717618
25,11.749681
15,9.885738
13,11.749681
7,9.34711
8,11.125167
26,11.651156
14,11.495887
13,14.101366
8,11.237703
6,9.331079
12,10.804859
10,11.749681
19,14.956184
9,14.643255
3,9.460953
6,14.894424
13,10.01364
13,11.6710005
6,9.408717
4,9.342325
8,11.793122
5,11.694144
16,10.342822
8,10.000212
16,10.966518
6,11.61895
10,9.944341
7,11.414183
5,11.831386
10,11.5932045
10,10.910509
2,10.305041
7,10.965368
6,11.694942
12,11.749681
5,8.833112
6,11.161483
6,11.749681
9,10.774232
11,14.637846
13,11.749681
8,9.630518
19,11.298104
12,11.010882
30,15.610369
19,10.698899
12,11.250051
8,8.511891
10,9.292612
16,13.952687
10,11.076964
12,11.400336
13,11.651156
7,11.383309
7,11.379269
25,11.697952
21,12.819988
24,10.748036
9,11.793122
9,11.568123
2,9.87921
7,11.068121
15,9.605707
8,9.442049
2,11.019517
17,11.760614
9,15.37052
9,11.731542
20,10.980371
11,11.02886
17,9.939418
7,12.386589
13,11.4126215
5,11.086812
10,11.277659
21,14.094321
9,10.320564
8,11.731362
2,11.694144
14,11.415495
2,11.1575165
6,10.093062
11,10.5584345
1,10.733442
0,11.250051
9,10.95194
21,12.446605
11,10.5584345
4,10.475251
8,11.55719
17,11.749681
5,10.848749
2,12.392683
12,11.099723
8,11.095061
21,10.569367
2,7.9764156
5,9.786889
4,9.949123
3,9.331907
8,10.715439
7,9.680268
8,10.51037
8,14.543977
27,13.960389
14,10.565744
7,10.764055
14,11.461139
6,11.775368
18,12.337968
11,9.9635
7,12.39592
5,8.912937
18,11.874826
13,11.831386
6,13.40037
9,11.749681
2,8.858858
1,9.89371
13,9.331079
19,14.3797865
4,10.51037
13,10.288107
13,10.77248
6,10.219227
12,11.694144
12,10.073466
14,12.38175
15,14.071567
15,9.727347
11,10.910509
15,11.188291
11,11.874826
22,10.342822
17,10.778933
10,10.813896
10,10.281062
16,12.491348
7,10.321523
5,9.351535
7,11.074758
5,11.025052
3,8.284343
6,8.711178
4,10.140824
17,11.84728
28,11.9598465
10,10.946825
9,10.773074
10,13.33861
12,12.38175
9,11.250051
4,11.681933
15,12.019652
15,10.994435
7,8.714945
10,11.793122
3,11.185215
19,10.773074
15,15.133752
14,11.681933
11,9.568758
6,11.086812
7,11.414183
29,16.197826
12,10.646455
5,10.471833
7,11.651156
2,9.403741
1,8.873858
19,7.9788804
2,9.198612
6,11.232292
11,11.4126215
9,10.740541
4,8.551892
13,11.086812
11,12.788768
3,11.775231
15,11.383309
17,10.2597065
19,8.162067
48,14.827203
9,10.773074
14,11.698854
4,7.8903575
6,10.732625
10,10.073466
11,11.731362
4,10.717618
28,16.101645
33,11.793122
14,11.451518
14,10.698899
4,10.342822
10,11.697952
4,11.694144
28,10.073466
7,11.423554
1,10.966518
20,8.342645
9,11.250051
13,9.058905
29,11.423554
13,10.51037
1,12.937776
15,11.749681
15,10.748036
42,14.747134
16,10.491856
2,10.000212
26,11.6710005
10,12.69397
20,10.77758
14,11.517681
10,11.760614
10,10.140824
17,8.340208
4,8.873858
17,11.136516
8,10.988887
13,10.9399
14,11.462451
9,10.717618
10,11.072642
7,8.666232
16,11.161483
8,7.46904
5,9.664955
21,11.387815
5,7.8990283
7,9.160883
23,14.758067
4,10.67041
17,10.381095
11,10.876982
18,11.373954
29,10.9505
1,9.851946
9,11.793122
7,9.665587
7,11.4126215
3,8.280542
6,12.236904
11,11.79693
16,11.760614
3,11.086812
13,10.218714
27,11.793122
26,10.749619
14,13.019418
7,9.571957
7,10.088902
14,10.508307
5,14.552795
9,11.629883
9,9.516364
0,12.044189
4,10.704269
10,12.65215
6,11.025052
5,10.1581745
18,10.848749
27,11.019996
8,11.593638
11,11.007342
1,10.451744
13,11.088677
9,11.793122
18,8.579071
13,11.793122
16,11.09062
14,11.793122
9,8.593811
12,11.072642
11,7.8990283
19,11.9598465
17,9.221552
8,11.087578
30,12.924614
15,9.707978
3,11.087578
29,9.507044
10,11.793122
11,12.392683
11,11.769626
12,11.019996
16,11.6710005
14,10.021503
4,14.637846
29,13.983289
7,10.994435
10,10.179365
4,10.288107
15,9.566076
16,14.101366
11,10.363795
6,10.475251
15,11.954417
12,10.7696705
8,8.645366
23,10.716271
6,11.366568
27,9.684796
5,8.291164
6,11.749681
16,11.6710005
21,11.072642
10,10.764055
20,13.019418
2,10.885065
4,10.280474
24,11.760614
6,9.6117325
24,10.869113
9,10.078893
12,11.942869
30,11.5932045
3,11.749681
7,10.5584345
10,11.088677
2,9.408717
3,9.712222
6,11.52043
11,10.349867
46,12.39592
28,13.4284725
10,11.749681
8,9.949123
8,9.630518
2,8.856354
9,11.252578
16,11.731362
12,11.255036
4,11.086812
10,8.920321
14,14.808884
25,11.651156
11,12.025757
15,11.086812
33,9.441256
14,11.793122
16,9.30171
13,12.5645275
6,10.910509
8,10.698899
17,10.140112
22,10.766647
31,12.216388
6,9.773173
20,11.752705
8,8.912137
14,9.949123
21,10.918287
22,11.694144
7,11.793122
5,9.815761
1,10.67041
14,11.589396
10,11.698854
14,8.948353
9,9.489849
12,12.996786
14,10.5584345
16,11.125167
26,10.723027
10,11.076964
3,13.40037
9,11.357865
11,11.09062
5,11.324941
1,8.527303
4,11.687922
14,8.688779
9,11.154346
11,10.079954
13,11.731362
26,10.779778
1,11.61895
30,14.760563
4,10.773074
5,11.681933
12,11.61895
6,10.805127
7,10.711314
9,8.520283
2,9.25627
5,10.080538
12,13.683097
5,10.773074
5,9.941044
15,11.60832
15,11.793122
9,10.662388
5,11.015204
8,8.309277
11,9.277689
9,12.279464
17,11.837128
11,10.9628725
4,10.280474
16,11.572486
10,11.428339
5,14.942015
4,11.609468
10,12.306042
15,11.697952
6,11.749681
5,11.470678
24,10.349867
26,12.28196
6,10.826025
10,9.161476
8,11.793122
16,11.687922
13,10.104825
5,9.1079445
9,9.692295
11,9.263275
20,9.380288
8,11.099723
11,10.927616
3,14.894424
9,12.188979
11,10.779778
5,11.73517
10,9.245655
13,11.250051
6,11.09062
4,9.393325
13,9.761484
2,11.327046
12,11.161483
6,11.749681
3,9.915773
4,10.280474
18,10.758861
3,11.198276
19,11.749681
12,12.2781515
12,10.748036
19,8.323769
13,8.282435
11,11.760614
1,11.222983
15,12.903194
7,11.019996
6,9.086832
12,9.945314
21,10.95194
6,11.161483
2,9.34711
2,10.623398
12,10.985079
16,11.749681
5,11.731362
6,10.10188
5,9.138195
6,9.444844
13,10.859722
6,11.069057
7,11.086812
6,10.704269
2,10.475251
15,14.019605
12,11.125167
5,11.697952
19,11.793122
13,12.4536495
13,10.9505
9,11.694144
12,11.749681
13,10.189538
14,10.779778
5,10.857687
19,15.30876
8,10.5692425
11,9.308631
13,10.281062
21,12.423716
4,8.620221
8,10.732241
13,10.381095
8,11.6710005
8,10.748036
46,10.497819
16,11.09961
10,10.349867
23,12.161988
2,13.094303
16,12.399728
19,10.779778
19,11.286366
2,9.383419
8,10.425555
16,12.399728
6,10.96156
5,8.813774
14,11.500123
12,9.691031
5,11.731362
10,10.870655
3,14.877231
8,12.39592
8,10.433084
28,12.829805
2,7.425287
31,11.651156
11,9.994755
2,15.216882
3,11.076964
6,11.61895
5,11.144401
3,10.749619
11,10.093062
15,10.475251
4,9.231529
12,11.79693
4,11.6710005
13,11.031218
10,11.019996
6,11.781712
17,11.228484
9,11.61895
3,10.7558155
4,11.041087
0,10.77758
8,10.342822
8,10.910509
3,9.248728
10,10.078893
10,11.681933
14,11.451518
7,11.837128
13,11.55719
4,12.38175
9,11.168516
8,10.212508
7,11.749681
6,10.910509
9,8.983501
2,10.451744
10,11.478232
26,10.758311
28,14.449188
11,10.525278
26,10.994435
35,10.712833
5,10.000444
15,12.615467
6,10.7148
3,10.078893
9,9.949123
0,9.590296
0,11.428339
13,10.073466
13,11.651156
13,12.055122
18,14.613719
17,11.6710005
25,11.651156
7,11.366568
9,11.072642
14,10.980371
6,10.9505
18,11.424531
6,11.099723
5,8.697711
3,10.155113
8,11.111789
5,10.344779
21,9.502728
10,11.083575
9,12.337968
6,10.342822
9,9.351535
5,11.451518
8,11.02886
10,10.491858
4,11.086812
14,10.966518
21,14.870644
9,11.129116
16,10.910509
10,11.694144
3,11.793122
25,10.243281
17,11.760614
9,10.515155
10,11.74813
14,9.153489
17,10.865856
11,11.226321
4,11.6132765
17,10.301225
4,10.174767
3,9.505827
10,9.707978
9,7.830275
16,11.760614
8,11.6710005
12,10.116098
13,11.793122
26,10.044297
15,8.335225
4,8.590053
7,9.750592
7,10.138329
14,14.956184
13,9.503807
16,14.446692
10,11.73815
7,10.51037
3,11.072642
16,12.74143
14,10.743099
18,12.406835
3,12.38175
13,14.756755
31,9.82786
4,8.308943
9,11.694144
32,11.700654
9,11.164561
12,11.4126215
12,9.930289
17,8.110086
10,12.268531
6,10.766029
13,12.237772
11,14.942015
4,9.502728
13,11.161483
12,8.270599
0,15.005511
1,11.076964
5,10.515155
7,9.36347
19,11.79693
5,10.965368
11,11.558286
12,11.2246065
1,10.000212
11,12.392683
7,10.711314
6,10.208424
12,9.027421
27,11.653054
7,12.38175
7,8.711178
5,11.681933
9,9.37764
19,12.38175
10,10.655906
2,11.995863
6,9.399193
16,10.296632
4,11.072642
5,10.7800455
4,10.140824
12,11.698854
19,10.910509
11,11.362481
9,10.116098
15,10.910509
7,10.766029
6,10.301813
8,12.33416
17,9.756444
5,11.681933
16,11.793122
1,11.793122
7,10.748036
14,7.5642776
11,12.92711
20,11.423554
14,11.61895
3,8.338545
9,11.621143
10,12.200002
30,11.61895
11,12.377342
9,11.076964
13,10.774232
1,12.833049
18,14.942015
6,9.6117325
15,11.681933
4,8.88382
16,11.651156
9,9.444878
5,7.991485
4,10.305041
7,10.009347
3,10.022181
6,10.459258
11,10.51037
1,10.946825
5,11.760614
4,11.415495
10,11.700654
0,10.063198
7,9.610395
19,11.760614
11,11.629883
3,9.460953
18,11.010882
0,11.428339
15,12.458775
12,11.580486
7,11.874826
9,11.514686
5,9.912673
4,10.000212
9,10.96156
5,12.022964
8,7.726897
10,11.428339
15,9.169881
25,10.966518
13,11.024173
10,12.556897
9,11.019996
3,10.208424
16,12.341625
17,11.629883
25,10.549699
14,12.924614
31,10.96156
13,11.793122
2,10.79879
7,8.649418
20,11.6710005
5,10.674782
2,9.259125
10,8.902281
8,9.070317
18,10.281062
28,13.156063
10,12.31999
2,9.740983
9,10.766029
17,11.461139
6,10.024164
4,11.6710005
2,11.749681
9,11.739052
9,11.589396
9,11.61895
15,11.2188635
7,10.876982
9,10.155952
6,10.802301
3,11.383309
6,11.428339
18,10.5584345
8,11.793122
9,8.393864
3,12.39592
12,11.760614
6,11.589396
1,10.475251
36,10.551837
12,11.387815
19,14.942015
16,11.423554
19,11.086812
8,10.95194
10,10.766647
5,11.589396
4,9.22242
14,11.760614
4,8.323769
7,10.748328
8,10.138329
40,11.629883
8,11.749681
25,10.349867
25,15.207261
5,10.782748
16,10.775286
17,11.161483
12,11.793122
9,10.486184
8,9.2797985
9,11.0222645
15,11.063407
10,11.228484
4,10.524028
9,12.279464
15,12.822517
19,11.010882
12,14.807964
9,10.946825
5,10.297255
3,11.122354
6,11.629883
3,10.185969
12,11.063407
3,11.6710005
9,9.213285
8,9.712222
30,11.500123
15,10.028066
16,11.6710005
5,10.000212
6,7.238265
6,11.633402
5,11.651156
6,9.569461
5,10.5584345
3,9.568747
29,11.793122
14,12.905268
6,9.491956
11,10.603865
12,10.099524
8,9.202046
59,11.651156
13,11.072642
1,8.436339
15,10.537524
14,10.298524
4,8.272515
17,11.698854
2,8.850377
9,10.766647
13,9.160566
10,11.749681
5,10.316905
21,10.712833
5,9.480782
0,9.37764
8,8.888354
22,11.749681
8,11.61895
2,10.946825
10,11.694144
7,9.885738
8,10.271339
14,9.717044
4,10.475251
9,12.624329
9,11.462451
18,11.122675
6,14.894424
2,10.078893
9,11.040891
17,11.61895
10,9.973037
10,14.758067
9,8.421633
11,11.831386
6,11.760614
21,15.29459
3,9.746305
6,10.712833
28,11.424531
8,8.537681
14,11.775848
3,9.455085
11,10.96156
11,11.019996
7,11.651156
7,10.203333
4,11.856946
2,10.678776
17,9.461867
5,8.30371
11,11.731362
22,14.637846
2,9.9635
19,11.099723
9,11.086812
3,9.34711
8,11.019996
12,11.793122
10,12.548764
17,10.551837
8,11.4666195
7,10.099838
19,13.903874
13,11.4126215
10,10.799246
14,10.116098
1,10.910509
6,10.719448
21,10.549341
6,10.140824
11,10.537524
5,9.435979
1,14.808884
33,11.694144
1,9.136146
15,12.965035
12,11.749681
19,9.849227
12,11.072642
15,11.0222645
4,9.491956
28,9.383419
9,11.749681
3,8.7732525
13,9.391555
20,8.162058
27,8.486313
3,9.497467
15,10.185969
11,10.549341
9,10.549341
7,10.073466
6,8.897613
5,12.150011
4,10.560736
0,9.689538
15,11.6710005
7,12.392683
0,11.6710005
4,8.458363
13,9.638598
11,8.575263
15,10.786592
9,11.731362
12,11.053734
11,9.999525
9,11.749681
1,10.569367
8,14.659274
1,9.977387
4,7.5015526
8,12.429531
3,8.4184
3,10.344779
9,9.321659
20,10.95194
11,11.403834
13,10.946825
6,11.615157
6,10.515155
8,10.870548
7,11.025052
3,7.9700475
13,11.6710005
8,14.956184
13,13.376113
26,14.632322
11,10.9628725
16,10.96646
16,11.161483
9,9.849227
11,11.6710005
4,10.386745
6,11.154346
9,10.507636
32,10.141868
16,14.278077
25,11.698854
10,11.072642
9,9.4369335
7,11.79693
14,10.5584345
16,11.79693
19,10.551837
8,9.639524
5,10.054432
12,11.587531
7,10.074394
10,10.95194
7,10.848749
8,9.393325
12,11.068121
7,9.149928
17,12.822517
10,11.874826
6,12.5645275
15,12.715764
3,9.331079
19,11.088677
6,11.749681
7,9.974433
8,11.681933
18,11.61895
3,11.793122
5,9.418461
6,8.645291
11,11.793122
7,11.694144
11,11.654964
17,10.192034
11,11.698854
5,9.221552
12,11.432961
10,11.197194
23,11.072642
8,12.219521
32,10.910509
6,11.572486
0,10.718632
30,10.885065
18,10.946825
12,10.104825
9,14.747134
7,7.4822536
9,9.9635
6,8.3766985
5,11.624657
14,9.438868
8,11.694518
6,12.31999
7,10.712833
1,11.9598465
13,10.184615
19,14.449188
1,9.636814
25,11.423554
15,11.694144
14,11.37002
5,14.956184
16,9.746329
6,11.072642
11,11.09062
10,11.694144
7,12.914064
10,11.015204
6,11.333703
6,11.252541
35,11.019996
3,8.650778
8,14.942015
5,10.748036
5,11.61895
10,11.837128
19,11.298104
24,9.674394
6,9.751427
7,11.749681
18,11.424531
12,10.305041
47,9.754502
21,10.305041
5,9.532114
21,11.694144
11,10.395776
11,10.788846
15,11.73517
3,9.160329
3,7.9467278
10,12.39592
9,8.794456
1,10.46053
13,12.46028
8,8.625967
8,10.403203
6,9.138148
3,8.537681
12,10.910509
11,10.351525
9,11.025052
9,10.486184
20,11.681933
10,10.92833
2,10.549478
24,10.233191
6,10.486184
1,10.804859
14,11.692022
17,10.95194
8,8.840021
5,12.92711
9,14.449188
6,10.910509
17,11.277659
4,11.219276
9,10.569367
21,11.697952
10,10.84099
14,9.476809
7,11.629883
4,8.442278
25,11.252541
1,10.476328
8,10.092137
12,10.848749
16,10.028066
9,9.383419
2,10.229277
1,7.8963623
3,11.329725
6,11.2188635
19,11.072642
5,11.793122
4,10.591877
9,11.749681
7,14.956184
8,10.721626
9,10.305041
1,10.965334
10,11.760614
12,10.581515
17,11.79693
4,11.250051
5,11.793122
15,11.74813
3,8.827227
4,11.250051
10,11.697952
23,12.055122
7,11.749681
14,11.086812
3,7.870235
8,11.161711
10,10.764055
25,10.805127
9,8.840021
20,11.874826
14,11.61895
18,12.924614
3,12.344121
10,11.749681
4,9.851946
10,11.108072
11,11.651156
11,10.718018
19,9.429922
5,9.707978
27,12.823796
7,10.749619
27,15.35635
7,10.910509
6,9.977387
6,10.946825
2,9.549973
8,9.489849
14,10.942396
5,10.549699
9,10.748036
5,10.031302
4,9.460953
8,11.694144
4,10.093062
1,11.208642
2,10.280474
13,12.057623
15,8.903674
6,9.530672
1,8.233097
9,8.793066
4,11.73517
16,11.654964
9,10.932675
9,11.793122
1,9.006051
6,11.793122
4,10.395776
4,9.483474
10,11.749681
16,11.36556
18,9.949177
8,11.831386
6,10.300113
6,10.5584345
15,11.749681
11,14.089886
11,10.778933
6,11.088677
6,8.847066
16,11.015204
20,12.548764
5,11.37002
8,12.226565
7,11.086812
29,11.733143
17,10.342822
8,10.766029
15,9.933258
14,11.086812
19,10.779778
12,9.647799
10,10.668143
12,9.649582
18,11.651156
13,10.748036
7,9.143475
5,9.977387
7,9.630518
8,10.333839
3,10.748036
5,10.748036
16,12.177003
6,10.859722
2,11.589396
11,9.267838
11,10.473051
20,11.802845
1,10.305041
14,10.316905
19,10.748036
13,11.760614
12,9.649582
7,11.063407
9,14.798344
4,9.04536
3,9.973037
4,11.04948
10,9.630518
2,9.929075
1,7.8140683
21,11.148545
16,11.62447
10,10.748036
7,10.551837
14,10.910509
10,7.914511
20,11.119319
9,11.416955
11,11.454409
9,10.179365
0,9.125667
8,9.343972
2,11.651156
20,10.672906
8,8.840021
14,9.491956
20,9.161275
34,12.399728
8,14.956184
7,14.942015
10,12.597346
6,9.401044
1,11.6710005
5,11.876793
8,8.607667
20,14.101366
1,9.973037
9,8.859731
9,11.072262
10,11.088677
6,11.072642
10,11.4126215
11,11.793122
12,14.094321
1,9.369249
7,10.349867
12,10.71111
0,10.022181
10,10.766647
10,12.924614
7,10.748036
7,9.334279
8,8.749627
9,10.066278
1,9.076435
1,9.161275
23,11.086812
8,8.809988
10,10.496675
3,10.484543
8,10.716271
28,10.764055
3,10.915585
10,10.203333
18,11.793122
5,10.19475
2,12.399728
7,10.569367
2,9.838294
10,14.019605
17,11.681933
22,11.749681
11,9.953235
1,10.842934
25,13.019418
33,9.949123
13,11.739052
17,13.314725
22,10.927616
3,8.750732
35,13.3217325
13,9.080697
8,11.086812
5,11.5932045
10,11.749681
16,11.749681
48,10.547748
5,11.383309
9,11.428339
6,8.993586
16,10.116098
17,8.897613
7,10.885065
5,11.749681
6,9.503809
13,11.589396
5,12.185238
14,11.79693
14,10.742322
3,11.681933
11,10.000212
1,11.61895
4,11.02886
10,11.235836
16,14.870644
27,10.506214
28,11.651156
11,9.868278
11,11.076964
14,10.066278
16,11.125167
23,10.299128
13,10.763463
13,9.4002905
19,11.072642
11,8.069651
9,9.796251
11,9.885738
7,10.179365
7,10.491858
9,13.76159
5,10.779778
3,12.728973
14,11.79693
8,11.424531
10,12.362876
11,10.959562
8,10.718018
11,10.218714
5,11.629883
6,9.151367
6,9.977387
6,10.512285
19,12.63884
7,10.9399
7,10.773074
24,14.446692
8,11.072642
2,11.228484
12,10.717618
9,9.034117
32,9.406495
11,11.731362
10,10.885065
8,10.748036
14,11.424531
5,9.357262
11,10.435281
7,11.250051
9,14.101366
2,9.491401
22,11.793122
19,11.063407
2,10.116098
17,11.949128
7,10.773074
28,11.451518
7,9.28232
14,9.136146
3,10.308649
8,14.942015
8,11.593638
5,8.178755
34,14.870644
6,11.072262
15,10.946825
7,11.749681
2,9.60261
5,9.308631
7,10.910509
10,10.099838
18,11.694144
6,11.749681
6,9.255509
8,11.6710005
14,15.216882
24,11.793122
12,11.687922
14,10.573717
4,11.61895
15,10.651457
20,10.958848
5,11.629883
5,14.089886
13,12.587726
4,10.95194
4,8.902742
1,8.270019
0,11.49067
5,9.161275
4,12.390346
3,9.292612
9,12.095399
3,10.551837
12,12.399728
13,10.425555
6,11.083575
14,9.636814
18,11.562897
10,10.7772
7,9.369249
12,11.749681
4,9.460953
16,11.6710005
7,10.841739
14,11.760614
12,9.284512
16,10.182707
20,10.342822
7,10.779778
7,11.424531
14,9.084499
8,12.658469
11,10.425555
2,10.748036
5,14.632322
20,11.760614
2,11.161483
4,11.749681
27,11.793122
9,11.55719
9,8.718223
11,10.926395
12,11.793122
22,11.694144
4,8.597838
13,9.974433
9,10.748036
17,9.939418
8,10.870655
16,11.02476
19,11.161483
11,11.125167
19,12.2781515
6,9.999525
7,9.929075
12,11.61895
14,11.596134
9,11.3006
8,10.799246
12,10.9239
5,7.8990283
2,9.525368
43,10.910509
13,7.8598285
21,11.793122
6,9.941044
12,11.766659
13,12.597346
10,12.449419
10,12.851509
15,10.946825
5,10.052276
3,9.447655
6,10.5584345
10,10.7558155
7,10.5584345
11,9.915707
14,11.731362
18,10.766647
11,11.749681
7,10.179365
22,10.116098
6,9.076435
6,12.280677
11,11.793122
8,9.691031
19,10.910509
15,10.149653
12,10.779778
14,10.885065
14,10.092461
1,10.994435
8,10.140824
4,10.994435
1,10.687966
11,14.094321
12,9.679704
11,11.125167
16,10.515155
5,8.60472
13,10.714918
9,14.177103
3,10.578502
20,11.731362
1,10.870655
4,8.937361
18,10.95194
17,11.760614
4,10.546303
3,9.770476
4,12.82383
11,10.179365
22,14.956184
8,6.87819
10,9.941044
10,11.749681
7,8.026848
5,10.5584345
5,11.749681
7,10.215887
8,10.000167
1,11.870779
13,9.592892
5,10.748036
16,11.086812
5,8.888354
12,10.743099
4,10.236141
11,11.311292
10,10.732241
12,11.086812
7,10.491856
17,9.89371
4,14.419277
4,11.277659
5,9.038677
6,10.301836
2,12.339966
5,9.83692
3,11.106655
7,8.511891
22,11.102847
2,10.975458
6,11.73055
26,10.11906
13,11.414183
6,11.654964
17,12.208588
20,11.086812
15,11.574911
9,10.506214
15,11.145746
6,10.288107
14,9.42152
4,11.428339
5,11.749681
6,10.569367
3,11.6710005
3,11.6710005
18,10.773074
7,10.138397
25,12.39592
7,11.61895
14,10.009832
3,11.161483
7,14.747134
6,8.755392
23,11.086812
7,10.586905
19,11.79693
13,10.966518
6,12.219521
9,8.827227
23,14.898232
23,9.89371
21,11.749681
1,8.850377
7,11.574982
5,10.716271
14,10.917906
9,10.749619
9,10.5584345
5,11.010882
9,11.694144
5,10.79335
5,11.749681
8,11.161483
4,9.343892
8,9.762669
6,14.747134
11,8.701611
15,11.760614
2,9.494407
17,11.651156
5,9.973037
10,11.760614
10,9.8062315
8,11.161483
3,10.459258
13,11.424531
19,11.651156
10,11.086812
15,11.793122
15,10.640249
2,8.401666
10,9.065114
9,11.072642
20,10.627904
4,10.116098
3,7.2252364
11,9.259125
5,11.629883
4,10.748036
8,8.964502
6,11.083575
19,11.843472
6,11.451518
5,11.161483
17,10.773074
7,10.149653
9,10.779778
12,8.69931
5,12.2781515
8,10.044297
5,10.295922
3,8.596801
20,11.086812
5,9.186229
6,9.331079
5,10.779778
21,10.773074
6,11.076964
8,11.250051
6,11.423554
15,12.460519
16,11.61895
5,9.37764
10,10.946825
7,10.885065
14,11.61895
14,10.71582
20,10.804859
5,9.25334
14,11.080772
2,10.079453
15,10.77248
16,11.099723
10,13.43153
5,10.96156
8,11.6710005
12,11.793122
4,10.748036
23,10.189538
4,10.718018
19,11.072262
17,10.647777
10,10.271339
12,6.4354467
13,11.025052
16,9.259125
3,11.074758
15,11.73517
13,11.79693
11,10.475251
3,10.985079
9,11.61895
7,12.92711
7,11.072642
21,14.956184
10,9.176675
19,10.281062
4,11.793122
9,10.712833
24,10.093062
8,11.745354
8,11.697952
6,10.22088
10,11.09062
36,13.507864
20,11.749681
7,10.059512
27,11.749681
13,10.865856
4,11.694518
2,11.010882
16,11.122675
7,11.015204
3,11.4126215
11,12.34028
9,8.094135
16,10.779778
3,11.086812
19,11.505144
21,10.96156
5,8.535041
22,11.739052
6,11.651156
23,11.373871
18,9.697057
14,10.966518
9,11.651156
7,9.987657
15,10.249209
11,11.424531
21,11.574305
4,11.019996
6,11.793122
12,10.779778
8,10.773074
22,12.588013
16,11.731362
16,9.136146
10,10.712833
15,10.054338
13,14.942015
16,14.219522
15,12.811672
4,10.355725
4,11.8130665
8,11.749681
7,11.687922
17,12.392683
20,9.420862
10,11.6710005
5,11.229796
9,10.706133
7,9.161275
0,11.086812
4,10.704887
14,11.063407
11,9.161275
11,7.3802886
1,11.086812
7,10.144126
13,10.5584345
10,11.015204
13,10.698899
12,10.234478
9,11.793122
1,10.141868
13,11.793122
10,11.383309
11,11.086812
14,10.078893
27,11.731362
9,10.724804
2,10.5584345
0,11.62158
11,11.732861
10,10.910509
14,8.601215
3,9.768245
4,10.946825
8,11.09062
11,10.848749
3,11.6710005
11,10.349867
9,11.904305
9,10.498554
18,10.902053
7,8.590725
2,10.176136
15,8.948353
7,12.597346
9,11.874826
7,11.61895
5,10.51037
14,10.9628725
10,10.236141
15,11.019517
8,10.054432
5,10.073466
13,11.125167
7,14.838136
3,10.95194
6,10.569367
7,9.460953
9,10.994435
9,11.874826
7,12.495137
9,10.96156
5,8.90617
6,11.687922
19,11.697952
6,9.508202
9,10.103283
18,11.793122
8,11.654964
15,10.5584345
14,11.793122
3,8.552088
12,10.793616
2,11.125167
9,15.624538
13,12.4536495
20,11.4126215
28,14.101366
8,10.588114
5,13.090994
18,10.891792
10,9.929075
13,9.716917
15,8.52194
3,10.739097
3,10.05026
15,12.377342
13,11.651156
3,11.596134
3,8.052454
11,10.515155
7,10.766647
5,10.623959
9,11.589396
19,11.793122
3,9.248484
9,10.942396
3,8.809041
8,11.125167
15,9.922924
18,11.6710005
9,11.390202
12,10.249209
5,10.569367
9,9.321659
4,11.749681
14,11.61895
8,10.280474
14,9.777305
12,7.634944
15,12.270067
22,11.687922
13,11.681933
10,11.125167
20,11.215899
10,13.194129
8,9.960421
9,11.629883
19,10.218714
12,11.106756
15,11.749681
14,10.401032
14,12.552572
5,11.125167
4,11.694144
7,9.945314
14,11.083575
9,10.848749
11,10.179365
4,10.557882
15,10.47132
15,11.360221
9,9.636814
12,10.96156
19,9.639524
30,10.048468
8,12.38175
9,12.563215
12,10.293965
11,14.758067
4,10.804859
19,11.651156
18,12.33416
8,11.255036
16,10.966518
9,14.094321
17,14.952948
13,12.222757
20,11.681933
23,10.95194
51,11.589396
6,9.277689
3,8.340872
17,10.066278
11,11.831386
3,10.482237
3,11.224661
17,12.38175
19,10.099524
12,9.851946
10,13.023226
9,10.515155
12,11.125167
15,11.072642
7,8.551892
3,9.385956
93,9.551541
27,10.802301
1,11.760614
0,9.514203
13,11.423554
25,11.61895
4,10.95194
8,9.885581
49,9.944582
12,10.96156
11,11.328485
28,13.019418
5,9.228383
10,9.460953
9,8.924943
9,9.073736
12,8.288216
0,8.972357
1,8.288216
12,10.043605
14,8.961752
12,9.058905
25,14.133327
12,10.96156
14,15.216882
2,10.393385
21,9.213285
4,8.888354
10,10.179365
16,11.731362
1,10.220776
7,11.097254
11,9.707393
7,10.551837
14,10.849912
10,11.61895
3,12.944269
20,11.133689
11,14.956184
18,10.799246
19,11.007342
7,10.810088
3,10.959562
8,11.574911
3,9.393325
20,12.28196
16,11.072642
12,11.188291
17,11.651156
19,11.8130665
11,10.578502
9,10.9628725
9,10.280474
8,12.692811
12,11.154346
5,12.624329
25,11.072642
9,12.598659
8,8.376419
4,11.4126215
21,10.140824
2,7.3574347
6,11.415495
4,9.831399
9,11.706564
12,11.760614
6,9.922512
6,11.161483
28,10.766029
43,9.424169
4,11.654964
16,14.637846
9,11.019012
12,11.749681
1,14.942015
8,9.999525
8,10.811513
8,11.793122
7,11.063407
9,10.05026
22,11.681933
13,9.239635
8,10.2597065
12,11.55719
9,9.503809
6,11.451518
4,10.854094
7,9.495684
17,10.766647
17,14.094321
6,11.589396
2,9.9635
14,10.804859
7,9.483474
18,12.38175
8,12.417371
5,9.9287815
10,10.224426
14,10.4898205
17,11.760614
10,12.914064
30,11.373954
10,11.589396
16,9.003068
14,11.108072
15,8.903674
4,10.8824415
4,10.344779
6,10.233929
19,10.910509
5,13.878944
9,8.511891
3,9.027421
11,11.424531
12,11.010882
11,12.814008
4,10.118173
8,11.383309
40,4.755849
19,10.349867
6,10.342822
4,9.494407
2,9.949123
5,10.958848
29,15.131256
32,11.09961
22,11.068121
3,7.4733925
10,11.6710005
9,10.946825
22,11.423554
14,10.284989
7,11.424531
12,11.79693
5,10.27749
13,11.019517
24,11.086812
6,11.063407
29,10.499238
38,10.966518
16,11.8130665
19,14.959992
12,10.51037
4,11.687922
5,11.731362
4,11.083575
12,12.31999
12,11.229796
7,11.462451
5,9.485833
15,10.199558
8,8.718223
1,8.668009
9,10.910509
5,9.427519
7,8.973919
25,11.125167
2,8.962753
11,11.681933
11,11.379269
18,12.174516
5,14.643255
33,9.392191
6,9.530672
17,12.082443
17,11.076964
8,11.601876
24,11.55719
12,10.381095
13,11.651156
1,10.4377
10,9.568747
9,11.793122
12,9.454647
19,11.461139
17,10.117364
13,8.2725115
17,8.869863
20,14.747134
7,8.873858
11,10.506214
7,11.125167
2,10.764055
9,9.490662
13,11.831386
20,11.681933
2,8.650778
12,12.268531
9,10.623398
6,9.856577
8,11.360669
9,11.793122
35,9.962404
42,9.500321
7,11.072262
21,10.766029
6,10.810088
10,9.397936
22,10.19443
13,14.101366
12,10.316905
19,9.639524
6,9.727347
17,11.313713
15,9.638598
5,10.155113
11,11.760614
25,9.886368
16,11.072642
18,9.201789
19,11.745354
8,10.349867
9,10.910509
7,7.8140683
9,12.325214
33,10.994435
21,11.769626
7,9.497467
13,10.9399
10,11.80989
11,11.533222
6,10.96156
4,8.723933
13,11.015204
4,12.547558
17,8.157742
14,9.950552
5,9.492874
10,11.029552
19,11.424531
7,9.949123
23,9.798446
4,11.731362
1,11.874826
10,10.641336
8,10.712833
7,10.5584345
11,10.77758
5,12.268531
7,11.125167
13,14.635354
2,9.128112
11,11.6710005
9,10.942396
6,9.727347
10,7.7388396
9,12.074712
1,9.024799
13,10.766029
0,11.694144
13,10.946825
21,11.731362
10,9.292612
2,10.199394
10,11.79693
2,10.90903
10,10.768918
6,9.4002905
10,11.286366
21,14.081272
21,11.749681
13,10.316905
11,11.072642
10,11.760614
10,12.822517
1,11.61895
8,11.231941
11,11.793122
10,9.949123
22,9.707978
17,10.910509
6,9.929075
8,9.460953
11,10.766029
11,11.404754
13,11.694144
15,11.072642
9,12.39592
7,9.003068
8,11.73517
28,10.185969
19,9.750592
13,14.747134
4,9.086832
3,7.8912425
22,11.61895
2,12.372913
5,10.9505
16,9.497454
10,11.651156
18,15.216882
11,10.804859
5,11.687922
17,11.019517
9,10.538083
14,12.38175
11,10.432189
6,10.5584345
6,10.461538
5,9.665752
17,10.764055
16,10.764055
9,8.981952
16,12.548764
2,11.793122
8,10.910509
8,9.429641
9,10.698899
16,11.760614
12,9.198612
5,11.387815
12,11.108072
15,14.449188
13,12.38175
22,14.094321
13,9.941044
3,11.574911
6,14.870644
5,10.486184
5,9.494407
14,11.015204
19,11.4126215
4,8.479318
11,10.966518
7,10.102557
5,11.793122
2,10.085002
23,14.637846
7,11.122675
7,10.342822
1,7.5796847
17,11.61895
11,10.220776
22,13.960389
13,11.025052
9,10.63541
12,10.913721
15,10.766647
23,11.9933195
7,11.574911
11,10.779778
3,11.076964
14,10.766647
2,8.266634
11,10.9628725
23,10.228069
16,11.749681
11,10.516616
6,10.748036
4,10.203333
4,9.029309
2,12.33416
6,11.074758
13,10.910509
4,9.586189
13,10.220776
25,12.57708
2,12.937776
7,8.904351
7,10.5584345
3,10.349867
27,10.533784
3,11.119319
10,9.6117325
10,11.694144
9,8.840021
9,10.752136
12,10.515155
5,11.083575
11,10.055704
7,11.800812
14,11.681933
4,9.324034
4,11.129881
3,11.749681
14,10.748036
15,11.252578
12,12.017157
4,10.549341
16,10.486184
6,11.232292
17,11.651156
7,9.003068
7,10.766029
3,9.904062
24,8.920321
6,11.007342
30,11.700654
19,10.175321
4,11.455692
11,10.766029
3,14.632322
1,11.700654
15,11.629883
1,10.748036
1,10.766647
9,10.569367
11,11.086812
4,12.611659
10,14.133327
5,11.697952
2,9.790186
5,10.078893
4,9.320946
8,10.51037
11,11.61895
29,10.409851
16,15.207261
6,9.568747
23,11.760614
12,10.95194
1,10.054432
16,12.63884
5,9.996782
33,11.8130665
1,8.768207
8,8.804893
8,11.61895
32,10.302332
9,9.949123
11,11.694144
10,11.793122
13,11.760614
8,12.062539
13,12.924614
0,8.820819
7,9.5061245
25,10.305041
12,12.033539
1,9.904062
14,11.465409
40,7.637654
18,10.892561
4,11.731362
16,11.749681
7,11.651156
33,10.362178
17,9.890856
7,10.316905
5,11.015204
8,9.44291
16,10.71111
12,14.894424
8,14.760563
8,10.519013
8,11.019517
2,10.415594
11,11.423554
11,11.61895
22,10.109102
11,10.717618
5,11.749681
35,10.946825
12,10.910509
8,9.918585
14,11.743232
8,9.42152
11,10.755764
12,9.869389
11,11.749681
8,12.623693
6,11.076964
9,11.7485485
15,14.942015
5,11.523067
16,11.01586
16,12.392683
2,9.974433
27,11.481303
7,10.962044
19,10.475251
2,11.61895
9,10.549699
10,11.843472
19,10.515155
9,15.216882
17,11.760614
9,11.793122
11,11.651156
1,9.930289
11,11.831386
34,9.214065
6,9.523627
3,10.96156
5,10.116098
11,12.652682
11,11.694144
12,11.568123
1,9.568747
12,11.461139
9,12.175133
14,11.793122
17,10.507607
8,11.083575
25,14.870644
25,13.143275
1,9.495684
22,12.548434
10,13.019418
10,11.119005
6,11.086812
3,9.792242
3,12.38175
7,8.175455
3,11.605481
15,10.994435
1,9.1907835
7,11.050999
21,10.022181
15,14.161339
7,12.208588
17,14.894424
18,12.067333
30,10.05026
4,9.877491
25,11.621386
3,11.6710005
9,8.806857
9,11.015204
2,8.826526
22,10.704887
6,8.920321
18,11.584827
13,11.010882
1,9.847185
17,11.802845
7,10.9505
11,10.766647
3,11.430466
9,10.403203
6,11.775368
7,9.502728
6,9.027421
6,11.072642
14,14.133327
17,6.769305
10,14.637846
22,11.589396
15,11.732861
3,9.389695
21,11.424531
18,10.298524
14,12.63884
21,11.019996
4,10.459258
4,7.4826665
1,7.9467278
17,10.966518
11,11.629883
1,11.731362
12,11.74813
21,14.880255
3,11.119005
17,13.169993
19,11.874826
41,9.342325
1,11.91451
4,10.926395
8,9.343972
6,10.71582
27,12.279464
7,11.687922
6,9.25334
17,13.945238
7,10.515155
2,7.8990283
21,11.749681
9,10.966518
16,11.749681
6,9.342325
11,9.977387
0,11.414183
16,11.681933
9,11.61895
19,13.865572
3,11.072642
10,10.966157
10,11.61895
16,11.146361
10,10.764055
4,11.793122
6,9.502728
18,11.749681
24,10.910509
6,9.115933
0,15.207261
2,9.313218
20,9.321659
7,10.044297
15,14.655466
10,11.731362
10,11.749681
13,11.651156
10,11.802845
8,9.974433
6,9.949123
29,11.749681
26,9.79597
8,12.498484
8,9.860455
19,10.910509
10,9.34711
9,10.179365
0,11.749681
5,11.654964
10,9.885738
5,11.119005
9,10.779778
18,9.259125
6,7.54614
12,10.475251
11,12.31999
14,10.5584345
16,11.79693
13,10.810088
3,10.966518
7,9.867251
17,11.083575
6,9.369249
3,11.379269
5,12.624329
3,8.554093
11,11.423554
6,9.497454
5,12.174516
4,11.752705
13,10.815265
9,10.910509
3,9.764606
6,11.076964
5,10.116098
10,13.538774
8,11.793122
5,9.251338
10,9.829558
19,10.748036
8,11.083575
3,11.286366
4,12.38175
6,10.705358
10,11.086812
15,11.681933
5,11.086812
11,10.18177
10,11.6710005
17,10.551837
14,9.333871
10,10.71111
14,13.058546
11,9.973037
5,11.731362
9,10.526461
14,11.831386
15,10.075684
12,10.199541
10,12.92711
5,10.966518
20,10.804859
3,10.079954
7,14.758067
10,11.687922
26,11.694144
10,10.45531
16,9.995111
14,11.6710005
6,10.018058
17,10.093062
9,10.743099
7,11.2188635
12,11.02476
6,14.003897
23,10.766029
7,12.39592
11,10.594146
4,10.02243
10,11.793122
4,10.066278
5,9.1078615
7,6.660569
11,10.764055
7,10.963413
15,7.8990283
11,10.910509
11,14.760563
5,11.831386
3,11.125167
10,10.96156
36,9.960421
5,10.779778
15,11.793122
6,9.138148
8,10.748036
7,11.733143
12,14.827203
6,12.429588
28,10.748036
18,10.458989
7,10.71111
4,10.975458
1,11.731362
22,9.937073
4,11.760614
8,10.748036
4,11.310298
8,11.423765
16,11.451518
26,11.638894
25,9.321659
16,10.848749
5,9.679369
15,11.793122
9,10.910509
7,11.793122
2,12.055122
3,10.349867
5,9.282132
4,11.749162
17,10.958848
10,10.7197
6,11.063407
20,10.910509
26,13.945238
18,11.681933
10,9.259125
18,10.280474
12,14.758067
16,10.779778
10,11.072642
11,11.749681
50,13.058546
6,7.634944
14,10.569367
9,11.79693
6,10.116098
32,11.73517
8,9.458522
15,11.125167
16,12.208588
5,11.4126215
13,10.342822
13,11.731362
10,11.793122
16,11.133689
9,11.076964
9,11.09062
11,14.827203
12,8.975147
1,9.851946
10,10.569367
2,10.138329
14,10.932675
8,11.842813
14,11.076964
10,10.009832
8,10.910509
13,15.271061
4,9.170091
9,11.021815
9,11.749681
6,11.072262
12,10.946825
6,6.8803763
8,11.749681
7,11.072262
13,11.154346
13,9.179571
3,12.275195
18,9.905481
18,10.02065
11,10.144486
9,10.910509
16,11.219276
8,10.33913
12,14.838136
1,11.694144
16,14.485952
14,11.161483
8,10.5584345
10,10.182707
7,12.38175
18,9.941044
5,10.5584345
8,11.492682
12,10.95194
25,14.894424
11,11.793122
5,9.333871
28,14.419277
3,8.376419
17,11.681933
4,11.749681
5,9.497467
19,11.793122
7,11.072642
5,10.284989
7,8.272515
6,10.779778
9,10.405887
7,9.662532
11,10.355725
6,11.781712
5,11.760614
14,12.682281
13,12.92711
8,8.767433
15,12.74143
19,11.793122
10,10.96156
13,12.556897
1,12.63884
2,11.068121
1,9.027421
18,11.076964
14,11.129881
8,15.216882
1,9.259125
9,8.012903
4,11.651156
8,11.651156
15,10.817778
3,11.6710005
10,9.054766
14,12.82383
23,11.6710005
8,10.712833
1,11.793122
23,11.793122
18,11.745354
6,11.019996
6,9.54085
4,11.608492
8,8.262798
3,9.643625
15,11.4126215
7,9.455085
13,10.140303
6,10.678776
6,9.331907
12,11.749681
24,9.560961
1,8.873858
6,10.764055
7,10.435134
7,10.549478
9,11.072642
8,9.707978
7,10.749619
2,11.749681
12,10.910509
8,11.4126215
6,11.694144
2,9.316044
15,9.455085
20,10.922095
3,10.773074
5,10.370409
17,10.805162
4,11.568123
7,11.651156
8,10.779778
4,7.3565974
13,9.136146
0,8.306223
2,10.185969
6,11.749681
23,14.956184
25,9.973037
9,7.678578
11,11.843472
34,11.694144
17,10.764055
7,13.016181
14,11.651156
6,11.423554
10,13.318434
5,11.08586
21,9.455085
40,9.604136
6,11.793122
8,10.764055
2,11.086812
13,12.826325
3,10.567825
13,9.277689
3,9.885738
17,11.374123
23,10.569367
10,8.909183
17,11.025052
37,9.407883
3,10.515155
19,10.96156
1,9.560618
10,15.218194
12,12.682281
16,11.651156
6,10.51037
6,11.080772
6,12.978462
13,12.268531
14,10.25442
9,11.06694
5,11.450808
2,10.885065
9,12.392683
14,9.502728
21,8.847066
10,10.95194
13,11.55719
4,11.749681
8,10.054338
16,11.025052
18,8.012903
5,11.125167
6,10.932675
8,12.279464
7,11.651156
7,10.718986
8,9.431114
9,8.897613
2,9.391555
10,9.9635
7,12.532507
2,10.25442
13,10.885065
12,11.793122
9,11.745354
5,8.669066
23,10.752136
7,11.09062
8,11.02886
5,9.460939
4,9.259125
12,13.849357
44,10.796732
9,11.800812
15,10.2597065
9,9.610395
3,10.793681
9,12.616792
53,10.775911
20,10.569367
15,11.229796
12,11.61895
7,11.461139
7,11.383309
21,11.760614
2,8.897613
5,11.088677
2,11.6710005
8,11.793122
13,11.229796
36,11.069057
25,10.885065
15,12.624329
13,10.280474
12,12.38175
6,11.284344
14,10.549341
8,8.527303
1,8.856844
10,11.424531
13,9.929075
14,10.2357435
6,9.321046
15,11.086812
21,12.036363
19,10.813896
9,11.6710005
17,8.846231
8,11.145119
5,11.61895
4,11.749681
3,9.662532
7,11.745354
5,10.475251
20,11.608809
8,11.55719
7,10.011145
7,13.058546
10,10.822168
13,11.793122
15,11.694144
9,10.766647
9,10.95194
7,9.369249
29,10.859722
6,10.990083
11,11.423554
22,11.793122
8,11.086615
0,9.685567
3,10.0538435
2,11.61895
17,9.573676
15,11.086812
13,11.760614
6,9.9635
5,8.342152
3,10.801319
6,9.925008
7,9.9759865
2,9.460953
14,11.694144
12,14.956184
29,12.616792
11,12.38175
10,8.635523
9,11.451518
4,9.386591
6,11.793122
6,11.424531
12,14.576086
13,9.877491
12,10.766647
32,14.870644
12,9.880029
6,11.542438
4,11.154346
14,10.958848
6,11.4126215
4,10.95194
5,10.182707
9,10.51037
4,9.922512
5,11.984987
8,9.974256
3,11.654964
12,11.694144
18,11.731362
46,15.216882
11,11.731362
2,9.383419
6,9.707705
1,12.823796
20,11.79693
0,10.02243
15,11.694144
10,10.011145
30,10.764055
5,9.9635
8,11.836989
6,10.138329
5,11.532512
9,11.09062
12,11.651156
12,11.769626
3,10.994435
8,9.795096
11,9.255352
5,10.51037
0,11.068121
20,11.629883
8,11.025052
11,9.973037
10,11.4126215
14,10.451744
12,8.714945
16,11.651156
13,11.596134
4,11.043264
2,13.127017
8,12.341625
9,10.281062
6,10.294964
16,11.1575165
10,9.374846
13,11.6710005
4,10.749619
15,10.140824
9,12.48809
7,11.528014
9,11.55719
19,11.793122
5,11.072642
16,11.451518
27,10.994435
9,11.083575
12,9.913887
25,10.910509
26,11.593638
17,9.596036
23,11.281889
3,9.320946
7,9.146135
5,10.748036
17,9.870694
12,8.556427
8,11.793122
20,11.760614
27,14.870644
10,13.058546
15,11.6710005
15,10.124209
16,11.793122
20,10.712853
12,10.140824
8,11.323774
16,11.760614
2,9.765767
6,10.224426
6,10.515155
10,9.491956
0,8.632318
11,11.651156
9,12.157761
14,9.807629
3,9.095476
8,13.022131
14,9.941044
6,10.058331
5,9.99872
13,10.342822
7,10.043605
13,11.681933
3,9.4002905
13,11.989652
14,10.022181
7,11.793122
7,8.778261
6,9.710959
3,11.793122
6,9.610395
8,11.086812
4,10.764055
19,10.45531
28,11.831386
15,11.629883
34,11.871699
1,10.093062
3,10.073466
12,9.718696
17,11.076964
14,11.4126215
17,11.423554
11,10.7220335
12,11.6710005
15,9.927697
10,11.8130665
5,11.324941
1,8.685025
9,10.486184
4,9.362409
12,11.6710005
4,10.001551
12,11.6710005
17,11.698854
13,10.765637
8,9.147993
10,10.96156
31,14.630905
4,8.809988
7,11.226321
13,11.6710005
2,9.636814
5,9.770302
0,14.659274
5,10.126478
21,11.585346
9,10.355725
7,9.974433
6,11.161483
9,10.093062
3,9.171736
14,11.996162
9,9.517142
0,11.6710005
8,10.837839
3,8.636558
7,11.749681
10,11.461139
12,10.313963
25,10.918181
4,10.51037
8,9.691031
3,11.072262
17,10.073466
6,11.749681
18,11.760614
9,8.840415
6,9.776715
19,10.5584345
5,10.011706
13,9.930289
15,10.5584345
9,10.745228
2,11.651156
11,10.641336
22,11.345928
35,14.747134
16,11.083575
8,11.09961
3,13.022131
11,11.731362
1,11.424531
3,7.295216
5,11.760614
11,12.39592
17,11.02476
3,12.710387
8,10.994435
14,8.711178
9,12.198065
21,11.047464
2,11.6710005
10,14.942015
14,10.141573
6,11.072642
6,11.09062
15,11.80989
13,12.044189
17,11.731362
6,10.779778
8,12.167471
7,10.138329
6,15.216882
3,11.015204
5,9.633095
12,11.681933
16,10.942396
30,9.974433
48,14.874452
3,11.731362
7,10.896722
7,9.730851
9,10.506214
12,13.433753
15,10.352349
7,10.320564
15,10.1327715
4,10.077435
5,10.280474
11,11.387815
18,10.774232
7,11.694144
24,9.4509535
6,11.329725
16,11.749681
12,11.61895
3,12.692811
14,11.125167
3,10.123844
13,10.958848
7,9.460953
15,13.136638
16,11.423554
16,10.946825
15,9.858194
25,9.010113
15,11.330815
19,10.342822
33,10.810088
15,11.6710005
5,11.125167
12,10.95194
10,11.087578
11,10.994435
3,10.560736
2,8.67802
11,10.056603
6,10.342822
3,8.530798
7,12.279464
11,11.125167
10,12.487551
8,11.462451
8,10.073466
11,11.793122
6,11.129881
15,10.00872
13,7.916835
22,11.558286
2,7.5742807
24,12.429588
8,9.105192
6,10.965368
18,11.019996
10,11.450808
5,11.61895
11,9.941044
3,10.089826
15,11.681933
29,10.910509
15,8.909578
7,9.561583
4,8.554093
11,11.451518
6,12.299101
41,10.958848
8,10.5584345
5,11.681933
6,11.874826
5,11.760614
14,10.958236
10,11.61895
13,10.459258
16,8.750732
1,7.9247317
12,11.681933
7,11.73517
11,11.964023
8,11.074758
11,11.019517
10,9.906763
7,11.083575
12,7.6711197
8,10.849912
26,8.596801
4,8.287588
26,10.117364
1,8.012903
4,9.902216
1,9.1079445
8,9.500321
2,11.09062
11,9.3804
11,14.637846
19,10.77248
9,12.392683
9,13.058546
6,10.67041
5,7.9700475
20,10.966518
14,11.732861
5,10.766647
0,10.05026
14,11.4126215
13,10.958848
7,11.760614
15,10.549341
15,9.097529
29,10.243281
9,10.958236
9,11.800812
8,11.328499
26,10.799246
23,12.536553
14,11.086812
0,11.424531
10,11.451518
10,10.766647
7,11.076964
7,13.997901
10,11.072642
8,10.793616
7,10.749619
9,12.731949
5,12.279464
14,10.965895
27,12.477179
5,11.286366
9,9.383419
5,10.560736
19,11.086812
3,9.568758
5,11.219276
5,9.269319
10,11.629883
13,10.5584345
10,10.478649
6,8.674192
25,11.4126215
4,9.292012
11,11.072642
4,7.830275
4,7.8695927
5,10.712833
5,11.793122
0,9.369249
14,10.376271
7,7.975195
7,10.032685
34,14.659274
6,11.802845
11,12.38175
5,12.399728
5,11.793122
10,11.485406
14,11.73517
9,8.728908
37,11.697952
8,10.946825
18,14.071567
11,11.800812
3,8.652624
12,9.636814
6,10.966518
12,11.681933
6,10.95929
12,10.140824
35,11.629883
4,10.0717125
10,12.63884
30,11.793122
8,11.415495
12,11.571148
12,10.910509
10,10.748036
11,11.369993
2,9.444844
7,8.513089
16,11.326552
9,8.912137
8,8.642295
13,11.02476
23,11.571364
6,9.996782
5,10.95194
5,14.756755
8,11.4126215
17,10.139884
12,11.074758
5,11.184861
10,11.168887
6,10.192168
16,11.161483
3,11.109177
13,12.896027
15,10.766029
4,9.620555
0,10.910509
12,11.731362
11,9.89371
9,11.076964
6,11.161483
3,11.010882
6,9.974433
6,11.086812
4,10.230401
18,10.773074
7,12.38175
13,8.516719
7,7.2816854
29,10.885065
1,10.272687
4,10.927681
6,10.773074
13,11.263231
7,11.414183
4,11.099723
34,10.608751
7,14.817456
3,9.973037
6,11.687922
31,11.410189
2,10.672906
4,9.507044
4,10.349867
8,9.255352
3,10.101379
10,9.61182
8,6.6265726
5,14.756755
12,10.569367
21,11.02886
7,10.910509
15,11.181462
9,7.4822536
9,14.101366
17,10.793974
27,10.009832
6,10.907795
8,11.760614
7,9.838294
5,10.972623
11,11.072642
8,11.086812
21,11.749681
5,10.842217
7,14.898232
11,10.687875
9,10.140824
8,8.685025
1,7.68476
26,12.41787
14,11.694144
5,10.475251
18,10.764055
6,11.837128
8,14.870644
23,12.399728
13,11.086812
15,10.748036
16,9.353524
14,11.072642
17,11.749681
4,11.793122
7,9.294529
10,10.910509
3,10.46185
16,10.742322
9,10.140824
7,11.015204
3,9.34711
15,8.297353
22,11.451518
8,11.651156
15,10.015447
13,10.381853
15,11.800812
8,9.849816
9,10.966518
8,11.461139
10,10.5584345
14,10.236979
9,10.515155
12,9.815595
12,10.459258
8,14.632322
8,11.651156
11,14.758067
4,11.946733
13,10.218714
4,9.42152
7,7.8990283
13,12.684856
16,14.956184
2,11.749681
24,10.848749
17,12.811672
14,11.793122
6,9.949123
11,9.977387
2,10.850817
9,11.252541
12,10.093683
6,10.766029
7,10.36123
8,10.120281
16,8.96549
14,9.326668
6,11.332031
9,13.522755
4,10.174206
5,8.970935
11,14.956184
11,11.086812
6,9.383419
6,11.6710005
6,10.9505
10,11.61895
12,14.956184
21,10.764055
3,10.305041
13,11.019517
3,10.515155
2,12.537685
8,11.749681
9,11.106655
6,11.749681
7,9.029309
11,11.086812
18,11.749681
14,11.228484
19,11.749681
3,11.154346
21,10.344779
31,12.208588
4,9.970195
5,10.342822
1,8.873858
12,9.621976
14,8.620221
3,10.073466
4,14.475172
7,9.333338
14,11.423554
6,10.75177
12,11.793122
4,10.022181
11,14.655466
2,8.840021
11,9.437139
26,12.548764
1,8.835853
5,12.491356
12,14.655466
15,10.779778
2,11.001709
15,10.810088
30,11.125167
16,11.4126215
8,9.255509
8,11.6710005
6,10.491858
9,11.108072
7,11.681933
7,8.873858
16,11.677897
21,10.910509
11,12.822517
1,11.749681
8,11.164561
14,10.520361
12,10.549341
1,12.831273
10,11.61895
0,10.280474
7,11.874826
2,10.759277
8,14.760563
21,10.748036
6,11.337485
3,8.858858
9,11.424531
9,11.087578
22,10.69929
8,10.320564
9,9.761484
5,10.704887
23,12.39592
3,10.203333
7,10.885065
11,11.6710005
8,11.019012
24,10.280474
6,10.7558155
14,10.068464
8,11.424531
10,11.099723
6,11.086812
16,11.379269
9,12.174937
10,11.144401
19,10.9505
5,10.937563
7,10.72162
9,10.009832
9,11.681933
17,11.79693
8,12.33416
1,11.694144
8,9.455085
2,10.360298
9,10.451744
25,14.959992
14,11.09062
3,9.07516
6,8.903906
7,10.766029
6,10.659714
11,10.9505
34,9.760014
3,8.826526
33,14.956184
13,11.697952
5,11.255036
6,9.032588
7,10.71111
8,11.34851
10,11.698854
18,11.749681
26,11.424531
3,12.623693
11,11.629883
8,12.39592
25,11.793122
10,9.4409685
19,14.776376
15,10.515155
13,11.161483
7,11.843472
13,11.000012
17,10.893009
6,11.651156
12,13.963769
4,10.51037
4,11.629883
15,10.687966
15,9.42152
6,10.958848
7,11.225341
38,10.496675
18,9.9635
4,11.628059
7,10.574374
1,11.837128
16,11.224266
16,10.95194
30,11.651156
22,14.552795
13,10.349867
17,11.61895
10,11.086812
2,7.5581293
6,12.001642
11,10.96156
9,10.54954
27,11.749681
5,9.093839
10,10.280474
9,9.495684
9,10.764055
12,10.686601
0,11.428339
0,8.376419
6,12.491348
16,9.181005
12,11.125167
7,10.892405
7,15.30876
11,8.816071
14,10.764055
10,12.100062
11,10.124209
26,11.781712
20,10.342822
8,8.38377
22,9.8054085
11,10.859722
4,9.230065
5,10.288107
15,10.138329
6,8.22586
9,11.428339
7,7.9178987
3,9.042758
0,9.60261
6,10.438839
36,11.108072
13,10.748036
12,11.019996
4,12.652653
13,12.39592
10,12.03144
24,11.731362
8,10.958848
3,8.849799
4,11.086812
13,11.793122
8,9.444878
16,10.966518
7,9.982677
24,10.946004
10,9.652436
13,10.138329
4,9.34711
1,10.793974
10,8.167589
17,10.080538
10,10.714918
7,9.003068
21,14.419277
5,9.138148
5,10.138329
2,10.244088
22,11.731362
24,11.760614
3,10.569367
15,10.773074
13,12.33416
12,10.131747
14,9.962404
4,8.139313
1,11.421981
12,9.094759
8,11.123773
5,10.965368
11,11.760614
5,9.949123
17,11.73517
11,10.305041
12,9.945314
19,10.749619
5,10.910509
18,12.174516
6,12.52562
9,9.837219
14,11.749681
15,9.393325
0,10.534784
11,11.5932045
10,9.963262
4,10.711314
21,10.695727
6,11.749681
10,10.765637
4,14.101366
6,11.341013
6,10.285056
7,11.517681
11,11.651156
6,11.687922
14,10.028066
13,14.419277
11,11.629883
19,11.125167
10,11.164561
10,10.569367
5,12.268531
7,9.151367
10,14.894424
6,11.651156
7,9.341563
7,11.687922
10,9.786889
15,11.366568
18,11.79693
21,14.475172
16,11.086812
3,9.221443
1,11.4126215
16,10.560736
9,8.809988
13,11.6710005
12,9.455085
5,9.161275
12,11.651156
8,8.948526
14,10.758861
10,14.094321
7,11.161483
13,10.910509
14,11.831386
8,8.777691
6,11.79693
4,11.086812
9,11.228484
11,10.946825
26,12.52562
12,10.9055
13,11.41027
3,10.349867
7,10.958236
15,12.31999
5,11.6710005
13,10.515155
8,11.286366
3,11.332031
8,10.185969
16,12.39592
1,8.889737
14,11.161483
12,14.089886
12,11.749681
11,8.8392315
8,10.687966
6,13.065591
18,11.651156
24,9.845998
12,10.773074
8,10.281062
0,9.492535
4,8.9512615
6,10.009832
21,10.773074
8,11.596134
11,11.6710005
5,11.423554
8,9.870694
24,11.766659
10,11.052376
15,10.945858
8,11.154346
10,11.760614
22,11.793122
4,10.000444
13,11.6710005
10,11.021815
6,9.586189
10,11.749681
12,15.731941
26,10.47132
6,12.1724415
9,11.681933
8,11.063407
0,8.932784
4,11.749681
8,14.133327
8,10.19443
8,9.163833
15,12.682281
5,11.749681
17,10.766647
16,10.7558155
6,10.95194
10,10.342822
3,10.910509
5,11.793122
13,10.381095
5,10.259785
8,8.777691
22,9.024799
17,11.698854
7,13.065591
27,13.095645
4,9.855889
13,10.923881
9,9.49142
5,11.025052
2,8.586686
1,8.997238
0,6.429156
8,10.869113
13,11.072642
7,11.208642
3,10.748036
5,8.777392
8,10.336993
3,8.717799
4,9.502728
8,9.393325
25,11.02476
14,10.773074
11,10.946825
4,11.125167
30,12.92711
18,13.472461
6,10.748036
7,11.09062
2,9.302252
6,11.387815
18,10.138329
16,10.323829
3,11.356322
7,10.848749
10,11.654964
6,11.424531
13,11.076964
14,11.072642
10,12.392683
4,9.679704
4,10.094494
9,11.749681
5,9.699738
27,11.125167
9,8.711178
13,11.451518
6,9.160329
7,10.946825
23,11.424531
30,10.533784
10,9.045356
12,11.122521
11,9.155383
5,9.819117
2,8.091253
14,11.793122
4,9.494407
7,11.451518
15,10.687966
15,11.749681
10,9.930707
5,5.1708775
18,12.822517
5,10.95194
5,8.312803
9,10.71582
10,11.161483
10,10.140824
21,9.506987
25,12.036035
6,11.168516
13,8.897613
3,10.71582
6,11.400336
16,11.760614
7,10.966518
1,10.381095
39,10.124209
4,9.495684
13,9.851946
23,10.384176
8,10.286805
5,10.342822
13,8.897613
8,10.764055
16,11.304808
29,11.210563
7,10.606517
6,11.697952
7,10.946825
15,10.280474
3,9.953235
9,11.464947
10,10.086181
6,9.620762
11,11.654964
10,11.760614
10,10.9505
4,10.771854
12,11.129881
7,12.071141
5,9.161275
4,10.05026
16,14.449188
9,14.760563
6,11.760614
14,13.849357
14,7.7298775
14,10.526461
5,9.42152
20,11.694144
4,11.749681
13,10.774232
5,8.921491
5,11.749681
23,9.292612
9,8.920321
9,9.754001
15,13.719413
9,9.455085
4,11.019996
11,10.403203
12,10.779778
12,11.019517
4,9.007579
9,11.424531
14,11.793122
15,11.095061
17,8.840834
8,14.747134
26,10.748036
4,9.665752
13,11.0222645
4,10.203333
13,10.885065
9,11.2188635
14,11.651156
10,11.793122
10,10.342822
15,8.826526
13,9.231529
21,10.766029
41,14.959992
8,10.804859
24,10.773074
10,10.138329
9,11.6710005
9,11.181462
13,11.793122
10,10.054338
8,12.810368
10,11.892421
4,11.083575
11,13.058546
14,11.749162
17,10.51037
18,11.37029
16,10.19443
17,10.9628725
12,10.748036
25,15.207261
23,12.000986
6,10.779778
5,9.138148
10,7.4822536
2,10.718018
16,10.078648
11,11.681933
9,11.793122
16,10.535652
11,10.749619
6,10.149653
3,10.9628725
50,10.549699
3,9.495684
15,13.111686
4,11.072642
2,10.078893
8,10.897256
6,11.025052
29,11.694144
18,9.770302
9,11.749681
18,11.417991
3,14.101366
20,11.076964
12,12.777709
7,10.591877
3,10.022181
1,9.745105
5,8.513089
6,11.6710005
0,11.277659
10,11.024173
11,11.461139
9,10.549341
15,9.213285
14,11.071929
3,9.622503
11,7.799666
11,8.594128
14,8.714945
18,10.073466
6,9.483474
4,11.6710005
6,9.357575
10,10.966518
29,11.228484
1,13.907507
11,10.95194
15,10.502789
16,9.57366
44,10.515155
11,12.062539
16,11.072642
17,11.337485
11,15.216882
34,10.459258
20,12.330923
8,10.793974
6,10.454963
7,9.275414
31,11.749681
1,10.743099
11,11.749681
7,10.507607
13,11.79693
10,12.74143
15,11.694144
9,8.596801
3,9.937529
18,11.232292
9,10.550705
10,8.936015
23,9.231529
1,11.80989
11,11.125167
5,10.41677
7,11.025052
12,11.651156
2,11.651156
18,12.399728
6,10.958236
8,11.263231
37,14.956184
21,11.6710005
3,11.461139
5,9.420196
12,10.078893
20,10.949947
9,12.588013
4,10.773074
11,10.687966
7,10.8842945
12,11.0925865
9,10.259866
5,10.203593
3,12.330923
11,10.958848
5,11.698854
14,11.369993
11,10.000444
7,10.458989
7,10.577781
6,11.161483
6,7.7646375
12,11.79693
7,10.281062
9,10.300113
14,11.462451
16,9.491956
33,9.375448
0,9.320946
14,11.03982
13,10.817778
13,14.756755
7,11.749681
8,9.89371
12,10.885065
9,7.7886558
3,9.28232
9,11.09062
7,11.366568
20,9.343972
6,11.110862
8,9.455085
9,11.101971
9,11.571148
3,8.724914
26,11.451518
14,12.017157
18,8.61836
6,11.09062
9,10.773074
4,8.999327
12,11.161483
8,10.810088
15,8.557201
15,11.019012
9,9.7315645
11,11.681933
7,11.414183
5,11.731362
3,8.527303
16,13.03815
12,10.766029
12,11.462451
11,10.39227
6,10.342822
22,11.749681
16,14.039606
3,9.259125
1,10.0878935
4,8.786576
12,11.0222645
3,9.292798
2,11.106756
5,8.813774
10,8.689833
27,12.822517
19,15.216882
16,12.232407
3,8.262798
8,12.331338
10,10.719946
6,10.766029
9,10.687966
16,11.61895
7,10.466516
11,10.51037
3,11.286366
5,10.668143
6,9.136146
13,12.38175
7,9.101645
9,10.9505
34,11.608492
2,11.424531
15,10.017133
5,11.404562
9,13.005248
8,9.34711
8,10.764055
8,12.63884
9,9.502728
11,10.549341
3,9.904062
6,11.692412
5,11.749681
3,11.996162
10,11.651156
2,10.5584345
3,8.279339
9,14.419277
7,13.156063
15,9.838294
8,9.1079445
5,9.949123
7,11.589396
18,10.715439
13,11.731362
16,10.71111
21,10.910509
15,13.03815
5,11.019517
5,12.290338
7,9.138148
2,10.233906
6,11.589396
13,10.910509
16,12.222757
13,9.665752
8,11.072642
4,11.130817
18,10.683852
13,8.230725
13,10.779778
25,10.51037
8,7.4822536
7,9.369249
2,8.297353
49,11.749681
15,11.6951475
7,9.375448
12,10.138329
12,11.793122
17,11.793122
5,11.072642
21,11.461139
5,11.629883
1,10.254817
23,10.288107
5,11.695162
7,9.550348
4,11.243222
15,8.2519245
7,11.161483
14,14.133327
11,10.96156
2,9.949123
25,10.381095
12,12.38175
11,14.956184
13,11.61895
7,10.738275
10,10.281062
18,11.080772
9,8.813774
16,10.958848
15,11.010882
3,10.486184
7,11.277659
14,12.39592
6,9.532383
10,12.208588
6,9.25627
37,10.066278
5,14.870644
1,11.050202
4,11.025052
8,10.96156
5,11.539106
5,9.4002905
17,9.761484
14,11.125167
30,10.766029
2,10.994435
5,9.974433
14,11.5932045
11,10.015447
15,11.373954
1,10.067453
15,11.793122
10,11.496229
9,9.94949
2,11.423554
10,10.573717
11,14.827203
7,10.533067
5,9.663642
8,11.2188635
16,9.384095
17,9.391337
9,11.749681
7,9.320946
0,11.574911
10,10.219227
10,10.444901
23,11.119319
9,10.748036
17,12.2781515
15,13.760728
11,11.424531
30,10.7366705
28,13.618823
5,13.156063
19,8.853858
11,8.948353
11,10.179365
13,10.015514
12,11.775848
12,12.38175
13,11.61895
2,12.212459
5,9.292612
27,11.874826
28,10.96156
19,11.365265
10,11.793122
5,10.854094
8,10.810088
12,11.731362
5,8.297448
16,10.766647
1,9.89371
13,10.946825
14,10.305041
8,11.629883
2,11.574911
16,11.00307
1,9.890856
13,11.681933
13,10.84785
4,11.076964
19,11.252578
3,10.262203
8,10.011706
5,11.61895
10,10.426095
22,11.654964
33,11.2188635
13,11.694144
7,11.072642
5,9.138148
10,10.475251
20,11.154346
4,11.04466
8,9.36347
7,9.430196
10,11.086812
12,11.3585205
7,10.0717125
10,11.760614
20,10.11906
14,11.694144
11,10.138329
19,10.9505
3,11.79693
2,9.221552
11,9.181005
9,11.651156
9,7.884423
18,10.970976
10,9.097126
1,10.272687
4,11.749681
3,6.817363
2,9.891218
12,10.980371
17,12.725005
7,11.09062
11,8.668813
4,9.973037
4,11.574911
6,7.5546556
6,9.425772
5,8.524559
14,11.122675
6,9.324034
10,12.337968
11,11.495887
9,10.551837
24,10.778933
10,10.717618
8,10.965368
22,9.291556
3,11.4126215
5,10.5584345
9,9.492874
6,11.021815
16,11.749681
4,10.718018
2,11.019996
20,11.79693
5,9.351728
15,9.5176115
11,10.77758
15,11.681933
9,9.899549
22,10.140824
16,10.779778
14,10.77758
10,10.946825
11,11.252541
20,11.133689
5,11.793122
24,11.749681
9,9.486621
8,8.929558
9,11.072642
6,9.691625
15,12.92711
10,9.292612
16,11.461139
7,12.620521
6,11.423554
5,11.836989
11,10.9628725
7,11.072642
7,10.766029
13,14.956184
17,11.00307
5,6.9459248
6,11.144401
15,10.230401
8,9.28232
4,8.963702
14,8.753822
7,11.423554
13,11.072642
15,9.503809
6,6.9459248
15,11.6710005
4,10.277647
4,10.129593
13,10.96156
2,9.877665
8,7.237155
34,11.019517
16,10.551837
3,11.321549
2,9.154108
9,12.812897
25,10.344779
33,14.101366
1,7.3577013
3,10.140824
6,11.749681
6,8.079731
8,9.586189
10,11.61895
14,10.962044
3,12.192787
10,11.749681
19,11.793122
31,10.67041
31,10.9628725
6,10.766647
5,10.116098
10,11.1575165
4,10.05026
21,11.451518
6,9.784456
8,14.2802
13,16.262287
5,10.687966
7,11.760614
6,10.810088
15,9.10872
8,11.651156
7,9.259125
8,9.864679
14,9.058905
4,8.513089
4,10.078893
14,11.424531
24,10.966518
10,10.369689
17,10.95194
17,11.072642
5,8.635523
12,11.681933
7,11.321279
9,10.179365
8,7.5796847
11,11.255036
14,10.748036
14,11.072642
16,12.450898
20,8.747067
15,14.019605
11,11.086812
4,11.043264
7,11.154346
21,9.483474
0,8.70424
5,9.500626
4,9.308631
6,11.228484
1,11.6710005
4,10.773074
18,11.749681
8,11.6710005
12,11.387815
9,11.749681
10,11.694144
24,11.366568
10,10.080538
2,8.975147
6,9.974433
19,12.6513405
9,11.099723
9,11.831386
10,11.252871
17,9.929075
3,11.79693
5,10.178253
2,11.119005
11,12.620521
16,11.793122
6,9.977387
23,12.2781515
13,14.2670145
6,9.526132
7,10.710693
21,11.749681
4,11.542843
12,11.760614
5,10.910509
4,10.054432
5,8.711178
6,8.400284
10,11.651156
18,11.072642
13,13.597897
4,10.910509
7,12.39592
1,9.526132
33,12.067333
12,11.072262
8,9.321659
4,12.020468
3,11.760614
7,11.173886
11,11.698854
8,11.749681
7,10.599578
11,10.344779
8,9.313872
7,10.910509
11,9.949123
9,13.156063
9,9.974433
8,10.022181
15,11.67008
4,10.996327
12,9.691031
4,8.901397
3,10.031302
11,9.337605
9,11.019996
6,7.5796847
10,11.168516
10,10.085002
9,10.799246
4,10.280474
3,11.681933
6,14.643255
17,10.871741
16,11.687922
18,14.838136
5,9.777864
10,11.739052
7,11.749681
7,11.760614
4,14.71225
5,9.160329
10,14.866298
3,10.22088
42,10.067062
8,11.749681
17,11.793122
18,15.216882
7,9.689538
11,11.232292
11,11.793122
5,11.749681
8,9.630518
8,10.588539
20,15.223219
6,10.25442
28,12.268531
15,11.083575
8,11.019517
20,14.870644
8,11.087578
15,11.793122
5,9.6117325
9,10.804859
6,13.999936
5,12.611659
3,11.019132
21,9.491401
22,12.097311
1,11.775794
2,11.769626
6,11.125167
8,13.952687
12,10.96156
24,11.749681
11,11.424531
5,11.415495
19,11.793122
4,10.428434
4,9.29761
29,10.804859
18,14.942015
15,11.02476
9,9.569461
28,14.747134
7,11.090006
16,11.093836
4,9.429641
24,11.072642
8,9.308631
21,11.365265
9,11.122675
14,11.793122
18,12.777709
3,9.869389
15,11.802845
13,14.942015
2,8.759059
9,11.025052
20,12.33416
12,8.695958
8,12.101784
20,14.942015
12,10.165003
22,11.79693
10,12.937776
3,11.843472
22,10.910509
5,9.369249
12,8.913346
10,11.383309
5,12.777709
7,11.010882
16,9.6201
16,14.875918
4,11.088677
12,8.678026
8,9.9635
17,12.092241
8,14.747134
6,9.850571
6,9.506864
12,10.569367
31,11.019517
3,9.784054
9,9.9635
6,11.313713
8,11.760614
13,11.589704
10,9.738855
9,8.9496155
19,13.962885
0,9.947486
5,9.554498
18,9.232348
3,7.7886558
11,11.361284
7,10.823526
1,10.910509
14,12.184289
7,8.9549675
1,9.568747
6,9.568747
13,11.451518
7,9.138148
9,14.870644
6,12.38175
10,8.61836
19,10.748036
12,11.793122
8,10.96156
13,11.125167
13,10.349867
20,11.424531
12,10.425555
9,12.682281
4,9.638598
11,11.428339
4,10.766029
2,8.176888
2,7.975195
8,8.376419
6,11.370257
8,10.804448
7,13.191607
0,10.140824
7,11.61895
7,10.182707
6,8.362736
7,10.966518
22,10.712833
15,11.398965
9,10.805127
23,11.593638
11,11.731362
1,12.173711
7,8.632318
10,13.960389
10,14.039606
14,7.9870825
4,9.990008
14,9.945314
39,12.488878
6,12.208588
16,9.308631
8,11.671101
3,11.6710005
3,6.667361
5,11.61895
12,9.497467
7,9.494407
6,11.793122
5,10.3249855
13,10.5584345
4,10.67041
7,11.793122
4,9.460953
0,7.304867
3,10.1581745
7,9.092341
20,10.9505
5,9.024799
24,13.065591
13,10.179365
4,9.941044
11,11.651156
8,12.39592
7,11.811667
11,9.944582
1,11.542843
2,9.505383
3,9.393325
6,10.551837
11,11.61895
4,11.749681
16,10.748036
9,11.793122
11,9.836121
6,10.5584345
5,8.778261
19,9.658826
2,10.779778
3,10.219227
11,11.428339
7,10.078893
3,9.506864
0,7.8572516
8,11.749681
20,10.810088
7,9.37764
5,11.585346
4,8.909183
7,10.946825
12,11.679857
24,11.423554
10,11.37002
9,10.7800455
9,9.695579
5,11.694144
21,13.812877
10,11.749681
11,10.195683
35,11.760614
16,10.729104
11,11.454354
9,11.025052
2,9.419335
16,10.569367
6,11.749681
14,10.796918
8,9.507044
8,10.793616
39,10.073466
24,10.000333
19,11.793122
3,10.182707
12,9.369249
5,10.799246
5,8.786617
1,13.550018
7,11.651156
14,11.749681
5,9.525591
7,10.758311
20,11.072262
15,10.804859
14,9.259125
5,14.942015
15,11.694144
7,11.451518
24,14.760563
10,10.95194
6,9.721521
13,10.695727
6,10.548601
4,7.506101
13,11.4126215
13,8.755392
12,9.042211
20,11.793122
22,10.068639
20,11.775848
14,10.811513
8,10.518937
5,12.39592
4,11.424531
23,10.39183
16,11.072642
9,11.651156
13,10.305041
3,14.808884
8,10.7558155
2,9.453166
0,11.4126215
8,11.065714
17,11.793122
18,11.793122
7,10.130252
7,10.96156
7,7.5796847
3,10.305041
17,14.643255
4,11.793122
11,14.446692
13,11.129881
27,11.423554
6,9.763707
13,10.991387
10,11.161483
1,10.262069
9,8.108085
14,14.956184
3,8.590725
3,11.019012
9,10.093062
11,11.2188635
15,11.072642
8,11.161483
14,11.019996
10,11.387815
22,11.36556
19,11.874826
11,11.793122
2,9.497467
6,10.994435
8,12.337968
2,9.72115
18,11.749681
18,10.748036
14,11.73517
11,10.848749
8,12.491348
5,11.687922
6,10.073466
15,8.511788
5,10.95194
1,8.288216
20,9.980326
30,15.220606
9,11.063407
8,11.793122
13,8.683063
10,11.161483
4,10.8131695
8,9.207493
4,12.487551
1,7.6390953
15,10.716271
20,11.6710005
9,10.04627
3,11.731362
2,8.468606
1,8.717799
6,11.694144
8,9.548766
2,9.66638
5,10.946825
8,9.369249
6,10.778933
11,10.344779
1,8.590725
11,9.890856
6,9.970195
6,10.280474
5,11.687922
8,9.967686
4,10.88079
4,10.195303
0,9.787311
8,12.372913
16,10.946825
10,11.222983
0,11.694144
12,8.717799
13,11.072642
10,10.885065
4,9.610395
11,11.345928
16,12.279464
6,9.389358
6,9.284512
20,11.025052
18,12.682281
15,11.030079
24,10.120104
15,9.506987
5,9.604136
3,9.438455
5,11.404208
12,12.941584
26,10.5584345
3,10.105863
17,10.946825
11,14.838136
25,11.793122
10,8.840021
9,9.630518
11,11.228484
7,11.252578
8,10.280474
20,10.910509
16,10.123844
15,12.836859
14,10.203333
8,8.897613
5,11.02476
4,8.551892
13,11.125167
30,10.102242
7,9.707978
7,10.885065
5,11.749681
6,11.802845
10,12.498484
27,11.749681
12,11.328485
8,10.5584345
7,10.073466
15,12.487551
14,9.25627
4,11.125167
3,11.749681
3,9.945314
17,10.9505
22,11.681933
9,10.758861
17,10.349867
1,7.3496485
5,11.403834
8,10.932545
5,10.342822
8,10.748036
30,12.655232
24,13.192379
12,9.393325
33,9.6117325
2,4.680155
7,10.910509
5,10.137068
12,10.5584345
8,11.086812
9,10.203333
8,9.342325
18,11.986481
5,8.717799
1,12.722598
13,10.817778
6,10.073466
4,12.344121
9,10.073466
18,9.516364
9,10.910509
3,11.61895
1,9.494407
6,11.09062
7,11.629883
5,11.629883
17,10.156546
12,9.550403
8,9.849227
5,9.636814
13,11.752705
6,14.747134
7,7.9700475
14,10.305041
11,11.793122
14,10.11888
16,11.072642
4,10.904751
17,10.138329
17,10.71582
7,10.747595
22,10.709231
19,11.383309
10,11.61895
14,12.33416
8,11.6710005
27,10.96156
6,8.411449
10,9.112106
2,9.704035
22,8.012903
2,10.96156
13,11.263231
5,10.932675
3,10.280474
5,11.072642
11,11.642622
5,9.529138
5,9.491956
14,10.719448
13,10.870655
8,10.708034
8,10.9628725
10,11.749681
10,11.125167
10,12.268531
10,10.759015
3,9.216648
14,9.068896
11,11.5932045
16,10.078893
2,11.749681
12,11.654964
15,15.29459
14,10.342822
17,14.446692
4,8.778261
9,8.647405
11,12.208588
18,11.558286
34,11.697952
7,10.910509
14,11.380953
1,11.6710005
2,11.61895
10,10.910509
10,11.106756
3,10.793616
11,9.3063345
7,12.146828
7,10.7558155
17,12.393098
8,9.707978
12,11.651156
15,11.015204
11,11.697952
12,11.874826
18,11.021815
14,9.610395
12,12.222757
27,10.7558155
13,10.779778
7,12.924614
10,11.793122
4,9.460953
24,10.682734
22,11.02886
15,11.6710005
12,11.127981
6,10.344779
6,10.910509
3,10.743367
21,10.804859
16,9.451561
19,10.495543
9,10.20491
17,11.651156
14,11.749681
5,11.793122
59,11.831386
6,10.078893
9,12.107273
12,11.61895
11,9.849227
4,11.109177
25,10.120947
8,11.086812
4,8.243489
12,10.662388
4,12.015844
6,10.749169
28,11.37002
2,10.311575
4,9.357262
4,11.379269
20,11.61895
5,8.897882
14,11.749681
4,10.2357435
14,9.7782755
3,11.419625
4,9.999525
7,10.994435
14,10.748036
5,11.414183
18,11.760614
6,11.076964
11,10.569367
17,11.681933
14,14.485952
7,9.308631
3,9.937529
18,11.749681
11,14.618076
9,10.551837
17,10.099524
9,11.4126215
5,11.731362
4,10.59053
1,7.401846
4,10.910509
6,8.045356
2,11.072642
9,11.424531
10,9.89371
12,10.810088
2,11.328485
8,10.966518
14,10.966518
3,11.731362
10,14.812692
7,10.486184
5,11.6710005
11,10.265133
9,12.399728
5,6.643874
13,10.910509
11,11.749681
1,8.13917
3,12.460644
14,10.349867
10,10.711314
15,12.734268
18,15.218194
14,10.957757
14,10.149653
4,10.910509
4,10.259785
9,14.758067
21,11.55719
7,8.707159
10,12.299101
7,9.630518
37,10.048699
11,10.748036
6,12.086423
22,10.093062
4,10.719448
7,10.594146
6,12.344824
15,9.784054
6,9.8806925
3,10.01596
11,10.11906
9,15.5097275
9,10.05026
19,11.837128
23,11.125167
4,9.568747
7,11.793122
13,10.519199
6,8.4366
17,14.133327
11,11.79693
19,11.651156
2,9.42152
12,11.793122
6,10.994435
11,9.877709
3,8.391672
1,10.804859
7,9.9156275
5,9.4002905
4,9.2363825
3,10.512342
7,7.7254667
24,10.859722
4,9.292612
14,11.451518
6,9.973037
8,11.733102
7,11.533222
42,14.956184
15,10.009832
6,10.506544
11,11.424531
17,10.166816
16,10.910509
15,10.138329
11,11.749681
